countryCode,leagueCode,name,shortName,city,primaryColor,formation,tactic,rating,developmentPower,youthPower,sponsorPower
CMR,CMR1,コトンスポール,コトンスポール,ガルア,#2e7d32,4-3-3,バランス,41,80,60,15
CMR,CMR1,キャノン・ヤウンデ,キャノン,ヤウンデ,#2e7d32,4-2-3-1,ポゼッション,30,60,60,14
CMR,CMR1,ユニオン・ドゥアラ,ユニオン,ドゥアラ,#2e7d32,4-4-2,堅守速攻,29,20,60,18
CMR,CMR1,フォルトゥナ・ムフー,フォルトゥナ,ムフー,#2e7d32,3-5-2,ハイプレス,21,20,20,13
CMR,CMR1,バンブトスFC,バンブトス,ムブダ,#2e7d32,4-3-3,バランス,34,60,80,19
CMR,CMR1,コロンブ・スポルティーヴ,コロンブ,サンガメリマ,#2e7d32,4-2-3-1,ポゼッション,22,20,60,14
CMR,CMR1,エーグル・ロワイヤル,エーグル,ムンゴ,#2e7d32,4-4-2,堅守速攻,28,40,20,17
CMR,CMR1,ガゼルFC,ガゼル,ガルア,#2e7d32,3-5-2,ハイプレス,21,20,10,12
CMR,CMR1,フォーヴ・アジュール,フォーヴ,ヤウンデ,#2e7d32,4-3-3,バランス,26,20,20,13
CMR,CMR1,PWDバメンダ,PWD,バメンダ,#2e7d32,4-2-3-1,ポゼッション,39,60,20,18
EGY,EGY1,アル・アハリ,アル・アハリ,カイロ,#d71920,4-3-3,ハイプレス,74,160,100,153
EGY,EGY1,タラエア・エル・ガイシュ,エル・ガイシュ,カイロ,#b71c1c,4-4-2,堅守速攻,37,80,70,50
EGY,EGY1,アル・イテハド,イテハド,アレクサンドリア,#00843d,4-2-3-1,バランス,44,100,60,78
EGY,EGY1,アル・マスリ,マスリ,ポートサイド,#00843d,4-3-3,ハイプレス,55,120,60,120
EGY,EGY1,アル・モカウルーン,モカウルーン,カイロ,#f5c400,4-4-2,バランス,38,80,80,30
EGY,EGY1,セラミカ・クレオパトラ,セラミカ,ギザ,#d71920,4-2-3-1,堅守速攻,39,10,70,108
EGY,EGY1,バラディヤト・エル・マハッラ,バラディヤ,エル・マハッラ,#0057b8,4-4-2,堅守速攻,37,60,70,12
EGY,EGY1,エル・ダーハレヤ,ダーハレヤ,カイロ,#111111,4-4-2,堅守速攻,35,20,70,29
EGY,EGY1,エル・グーナ,グーナ,エル・グーナ,#f97316,4-3-3,ポゼッション,38,100,60,30
EGY,EGY1,ENPPI,ENPPI,カイロ,#0057b8,4-2-3-1,バランス,48,100,60,78
EGY,EGY1,フューチャーFC,フューチャー,カイロ,#d71920,4-2-3-1,ハイプレス,35,10,70,141
EGY,EGY1,イスマイリー,イスマイリー,イスマイリア,#f5c400,4-3-3,ポゼッション,49,120,100,60
EGY,EGY1,ナショナル・バンク,ナショナル・バンク,カイロ,#0d47a1,4-2-3-1,バランス,31,10,20,78
EGY,EGY1,ファルコ,ファルコ,アレクサンドリア,#f97316,4-4-2,堅守速攻,42,10,20,145
EGY,EGY1,ピラミッズ,ピラミッズ,カイロ,#00a3e0,4-3-3,ポゼッション,58,120,100,138
EGY,EGY1,スムーハ,スムーハ,アレクサンドリア,#0057b8,4-2-3-1,バランス,48,100,60,78
EGY,EGY1,ザマレク,ザマレク,ギザ,#ffffff,4-2-3-1,ハイプレス,48,120,80,18
EGY,EGY1,ZED FC,ZED,ギザ,#111111,4-3-3,ポゼッション,42,100,100,35
GHA,GHA1,アクラ・ライオンズ,アクラL,アクラ,#fbc02d,4-3-3,バランス,46,100,100,17
GHA,GHA1,アドゥアナ・スターズ,アドゥアナ,ドルマー,#fbc02d,4-2-3-1,ポゼッション,30,20,20,17
GHA,GHA1,アサンテ・コトコ,アサンテ,クマシ,#fbc02d,4-4-2,堅守速攻,43,100,80,23
GHA,GHA1,ベチェム・ユナイテッド,ベチェム,ベチェム,#fbc02d,3-5-2,ハイプレス,27,20,40,17
GHA,GHA1,ベレクム・チェルシー,ベレクム,ベレクム,#fbc02d,4-3-3,バランス,30,40,40,17
GHA,GHA1,ビビアニ・ゴールドスターズ,ビビアニ,ビビアニ,#fbc02d,4-2-3-1,ポゼッション,25,40,20,17
GHA,GHA1,ボフォアクワ・タノ,ボフォアクワ,スニャニ,#fbc02d,4-4-2,堅守速攻,27,20,20,17
GHA,GHA1,ドリームズFC,ドリームズ,ドウィニャ,#fbc02d,3-5-2,ハイプレス,28,20,20,17
GHA,GHA1,FCサマルテックス,サマルテックス,サマルボイ,#fbc02d,4-3-3,バランス,34,60,40,17
GHA,GHA1,グレート・オリンピックス,オリンピックス,アクラ,#fbc02d,4-2-3-1,ポゼッション,32,60,40,17
GHA,GHA1,ハート・オブ・ライオンズ,Hライオンズ,クパンドゥ,#fbc02d,4-4-2,堅守速攻,35,60,40,17
GHA,GHA1,ハーツ・オブ・オーク,ハーツ,アクラ,#fbc02d,3-5-2,ハイプレス,41,100,80,32
GHA,GHA1,カレラFC,カレラ,タマレ,#fbc02d,4-3-3,バランス,32,40,20,17
GHA,GHA1,レゴン・シティーズ,レゴン,アクラ,#fbc02d,4-2-3-1,ポゼッション,33,60,40,17
GHA,GHA1,メデアマSC,メデアマ,タルクワ,#fbc02d,4-4-2,堅守速攻,43,80,60,17
GHA,GHA1,ネイションズFC,ネイションズ,アブランクワ,#fbc02d,3-5-2,ハイプレス,34,40,20,17
GHA,GHA1,ンソアトレマンFC,ンソアトレマン,ンソアトレ,#fbc02d,4-3-3,バランス,29,20,20,17
GHA,GHA1,リアル・タマレ,リアル・タマレ,タマレ,#fbc02d,4-2-3-1,ポゼッション,31,40,40,17
MAR,MAR1,ユースーフィア・ベルレシド,ベルレシド,ベルレシド,#f5c400,4-4-2,堅守速攻,30,20,10,33
MAR,MAR1,FARラバト,FARラバト,ラバト,#d71920,4-2-3-1,バランス,52,100,20,78
MAR,MAR1,FUSラバト,FUSラバト,ラバト,#ffffff,4-3-3,ポゼッション,36,80,80,60
MAR,MAR1,ハサニア・アガディール,アガディール,アガディール,#d71920,4-4-2,バランス,36,80,20,43
MAR,MAR1,IRタンジェ,タンジェ,タンジェ,#0057b8,4-2-3-1,堅守速攻,33,70,10,19
MAR,MAR1,JSスアレム,スアレム,スアレム,#00843d,4-4-2,堅守速攻,25,10,10,36
MAR,MAR1,マグレブ・テトゥアン,テトゥアン,テトゥアン,#ffffff,4-2-3-1,バランス,45,60,70,27
MAR,MAR1,MASフェズ,MASフェズ,フェズ,#f5c400,4-3-3,ポゼッション,33,80,20,13
MAR,MAR1,モロディア・ウジダ,ウジダ,ウジダ,#00843d,4-4-2,堅守速攻,36,70,10,46
MAR,MAR1,オリンピック・サフィ,サフィ,サフィ,#0057b8,4-2-3-1,バランス,34,60,60,13
MAR,MAR1,ラジャ・カサブランカ,ラジャ,カサブランカ,#00843d,4-3-3,ハイプレス,40,120,100,30
MAR,MAR1,ルネサンス・ゼマムラ,ゼマムラ,ゼマムラ,#f97316,4-4-2,堅守速攻,23,20,20,15
MAR,MAR1,RSベルカン,ベルカン,ベルカン,#f97316,4-2-3-1,堅守速攻,23,20,10,32
MAR,MAR1,SCCモハメディア,モハメディア,モハメディア,#d71920,4-4-2,バランス,35,60,70,49
MAR,MAR1,USトゥアルガ,トゥアルガ,ラバト,#111111,4-4-2,堅守速攻,30,20,20,24
MAR,MAR1,ウィダード・カサブランカ,ウィダード,カサブランカ,#d71920,4-2-3-1,ハイプレス,51,100,80,78
NGA,NGA1,アビア・ウォリアーズ,アビア,ウムアヒア,#2e7d32,4-3-3,バランス,35,60,40,17
NGA,NGA1,アクワ・ユナイテッド,アクワU,ウヨ,#2e7d32,4-2-3-1,ポゼッション,41,80,80,17
NGA,NGA1,バイエルサ・ユナイテッド,バイエルサ,イェナゴア,#2e7d32,4-4-2,堅守速攻,25,10,10,29
NGA,NGA1,ベンデル・インシュランス,ベンデル,ベニンシティ,#2e7d32,3-5-2,ハイプレス,35,60,40,17
NGA,NGA1,ドマ・ユナイテッド,ドマU,ゴンベ,#2e7d32,4-3-3,バランス,25,40,40,17
NGA,NGA1,エヌグ・レンジャーズ,レンジャーズIFC,エヌグ,#2e7d32,4-2-3-1,ポゼッション,39,80,60,17
NGA,NGA1,エニンバ・アバ,エニンバ,アバ,#2e7d32,4-4-2,堅守速攻,50,100,80,17
NGA,NGA1,ゴンベ・ユナイテッド,ゴンベU,ゴンベ,#2e7d32,3-5-2,ハイプレス,29,40,60,17
NGA,NGA1,ハートランドFC,ハートランド,オウェリ,#2e7d32,4-3-3,バランス,36,60,60,17
NGA,NGA1,カノ・ピラーズ,カノ,カノ,#2e7d32,4-2-3-1,ポゼッション,43,80,80,17
NGA,NGA1,カツィナ・ユナイテッド,カツィナ,カツィナ,#2e7d32,4-4-2,堅守速攻,29,60,40,17
NGA,NGA1,クワラ・ユナイテッド,クワラ,イロリン,#2e7d32,3-5-2,ハイプレス,41,60,80,17
NGA,NGA1,ロビ・スターズ,ロビ,マクルディ,#2e7d32,4-3-3,バランス,31,60,60,17
NGA,NGA1,ニジェール・トルネードス,トルネードス,ミンナ,#2e7d32,4-2-3-1,ポゼッション,33,40,40,17
NGA,NGA1,プラトー・ユナイテッド,プラトー,ジョス,#2e7d32,4-4-2,堅守速攻,36,60,60,17
NGA,NGA1,レモ・スターズ,レモ,イケンネ,#2e7d32,3-5-2,ハイプレス,45,100,100,17
NGA,NGA1,リヴァーズ・ユナイテッド,リヴァーズ,ポートハーコート,#2e7d32,4-3-3,バランス,42,80,60,17
NGA,NGA1,シューティング・スターズ,シューティング,イバダン,#2e7d32,4-2-3-1,ポゼッション,33,60,60,17
NGA,NGA1,スポルティング・ラゴス,スポルティングL,ラゴス,#2e7d32,4-4-2,堅守速攻,34,60,40,17
NGA,NGA1,サンシャイン・スターズ,サンシャイン,アクレ,#2e7d32,3-5-2,ハイプレス,34,60,80,17
RSA,RSA1,アマズール,アマズール,ダーバン,#00843d,4-4-2,バランス,36,80,70,30
RSA,RSA1,ケープタウン・シティ,ケープタウンC,ケープタウン,#0057b8,4-3-3,ポゼッション,37,100,100,50
RSA,RSA1,ケープタウン・スパーズ,ケープタウンS,ケープタウン,#d71920,4-2-3-1,ハイプレス,40,100,100,26
RSA,RSA1,チッパ・ユナイテッド,チッパ,ポートエリザベス,#0057b8,4-4-2,堅守速攻,28,10,70,43
RSA,RSA1,ゴールデン・アローズ,アローズ,ダーバン,#f5c400,4-4-2,バランス,29,70,80,19
RSA,RSA1,カイザー・チーフス,カイザー,ヨハネスブルグ,#f5c400,4-2-3-1,ポゼッション,48,160,100,60
RSA,RSA1,オーランド・パイレーツ,パイレーツ,ソウェト,#111111,4-3-3,ハイプレス,49,160,60,78
RSA,RSA1,ポロクワネ・シティ,ポロクワネ,ポロクワネ,#f97316,4-4-2,堅守速攻,29,20,70,29
RSA,RSA1,リチャーズ・ベイ,リチャーズ・ベイ,リチャーズ・ベイ,#0057b8,4-4-2,堅守速攻,39,70,20,46
RSA,RSA1,ロイヤルAM,ロイヤルAM,ダーバン,#6f2c91,4-2-3-1,バランス,44,80,20,22
RSA,RSA1,セクフネ・ユナイテッド,セクフネ,ポロクワネ,#d71920,4-2-3-1,バランス,28,60,60,39
RSA,RSA1,ステレンボッシュFC,ステレンボッシュ,ステレンボッシュ,#7a003c,4-3-3,ポゼッション,38,80,100,13
RSA,RSA1,マメロディ・サンダウンズ,サンダウンズ,プレトリア,#f5c400,4-3-3,ハイプレス,55,160,120,90
RSA,RSA1,スーパースポート・ユナイテッド,スーパースポート,プレトリア,#0057b8,4-2-3-1,バランス,37,120,100,23
RSA,RSA1,モロカ・スワローズ,スワローズ,ソウェト,#d71920,4-4-2,堅守速攻,35,70,20,25
RSA,RSA1,TSギャラクシー,TSギャラクシー,ネルスプロイト,#111111,4-4-2,バランス,40,100,60,42
SEN,SEN1,ASピキン,ピキン,ピキン,#2e7d32,4-4-2,堅守速攻,33,60,20,25
SEN,SEN1,ASCジャラーフ,ジャラーフ,ダカール,#2e7d32,3-5-2,ハイプレス,21,40,10,21
SEN,SEN1,ASCEランゲール,ランゲール,サンルイ,#2e7d32,4-3-3,バランス,29,20,10,24
SEN,SEN1,カーザ・スポーツ,カーザ,ジガンショール,#2e7d32,4-2-3-1,ポゼッション,37,60,60,26
SEN,SEN1,ダカール・サクレクール,サクレクール,ダカール,#2e7d32,4-4-2,堅守速攻,45,100,80,20
SEN,SEN1,ディアンバルスFC,ディアンバルス,サリー,#2e7d32,3-5-2,ハイプレス,46,100,120,28
SEN,SEN1,ジェネラシオン・フット,ジェネラシオン,ダカール,#2e7d32,4-3-3,バランス,47,120,160,28
SEN,SEN1,ゲジャワイFC,ゲジャワイ,ゲジャワイ,#2e7d32,4-2-3-1,ポゼッション,31,40,20,23
SEN,SEN1,ジャモノFC,ジャモノ,ファティック,#2e7d32,4-4-2,堅守速攻,23,10,10,21
SEN,SEN1,ソナコス,ソナコス,ジュルベル,#2e7d32,3-5-2,ハイプレス,20,20,20,25
SEN,SEN1,スタッド・ド・ンブール,ンブール,ンブール,#2e7d32,4-3-3,バランス,26,20,10,27
SEN,SEN1,テングエスFC,テングエス,リュフィスク,#2e7d32,4-2-3-1,ポゼッション,29,40,10,27
SEN,SEN1,USゴレ,ゴレ,ダカール,#2e7d32,4-4-2,堅守速攻,25,20,10,25
SEN,SEN1,USワカム,ワカム,ダカール,#2e7d32,3-5-2,ハイプレス,23,20,10,19
TUN,TUN1,ASマルサ,ASマルサ,ラ・マルサ,#f5c400,4-4-2,バランス,32,80,70,33
TUN,TUN1,ASソリマン,ソリマン,ソリマン,#d71920,4-4-2,堅守速攻,35,70,70,50
TUN,TUN1,ベン・ゲルダン,ベン・ゲルダン,ベン・ゲルダン,#00843d,4-2-3-1,堅守速攻,41,70,60,26
TUN,TUN1,CAビゼルト,ビゼルト,ビゼルト,#f5c400,4-4-2,バランス,32,60,80,43
TUN,TUN1,クラブ・アフリカン,アフリカン,チュニス,#d71920,4-3-3,ポゼッション,35,80,100,11
TUN,TUN1,CSスファクシアン,CSスファクス,スファックス,#111111,4-2-3-1,バランス,31,80,80,36
TUN,TUN1,EGSガフサ,ガフサ,ガフサ,#00843d,4-4-2,堅守速攻,34,70,10,12
TUN,TUN1,ESメトラウィ,メトラウィ,メトラウィ,#d71920,4-4-2,堅守速攻,30,20,20,29
TUN,TUN1,エトワール・サヘル,サヘル,スース,#d71920,4-3-3,ポゼッション,41,100,100,46
TUN,TUN1,エスペランス・チュニス,ESチュニス,チュニス,#f5c400,4-2-3-1,ハイプレス,45,120,80,60
TUN,TUN1,オリンピック・ベジャ,ベジャ,ベジャ,#d71920,4-4-2,堅守速攻,33,70,70,39
TUN,TUN1,スタッド・チュニジアン,スタッド,チュニス,#d71920,4-2-3-1,バランス,29,80,60,15
TUN,TUN1,USモナスティール,モナスティール,モナスティール,#0057b8,4-3-3,ポゼッション,39,100,60,32
TUN,TUN1,USタタウィン,タタウィン,タタウィン,#d71920,4-4-2,堅守速攻,31,60,70,49
IND,IND1,ベンガルールFC,ベンガルール,ベンガルール,#005baa,4-2-3-1,バランス,32,80,80,35
IND,IND1,チェンナイインFC,チェンナイイン,チェンナイ,#005baa,4-4-2,堅守速攻,25,60,60,14
IND,IND1,イースト・ベンガルFC,Eベンガル,コルカタ,#d71920,4-3-3,ハイプレス,33,80,60,32
IND,IND1,FCゴア,ゴア,ゴア,#f58220,4-2-3-1,ポゼッション,29,80,80,30
IND,IND1,ハイデラバードFC,ハイデラバード,ハイデラバード,#f4c542,4-4-2,堅守速攻,33,60,60,27
IND,IND1,ジャムシェードプルFC,ジャムシェードプル,ジャムシェードプル,#d71920,4-3-3,バランス,29,60,60,11
IND,IND1,ケーララ・ブラスターズFC,ケーララ,コチ,#f4c542,4-2-3-1,ハイプレス,29,80,80,44
IND,IND1,モフン・バガン・スーパー・ジャイアント,モフン・バガン,コルカタ,#00843d,4-3-3,ポゼッション,34,100,80,60
IND,IND1,ムンバイ・シティFC,ムンバイC,ムンバイ,#6bb6ff,4-3-3,ハイプレス,37,100,80,100
IND,IND1,ノースイースト・ユナイテッドFC,ノースイーストU,グワーハーティー,#d71920,4-4-2,堅守速攻,23,40,40,29
IND,IND1,オディシャFC,オディシャ,ブバネーシュワル,#7a003c,4-2-3-1,バランス,40,80,60,78
IND,IND1,パンジャーブFC,パンジャーブ,ニューデリー,#111111,4-4-2,堅守速攻,32,40,40,78
UZB,USL,ブニョドコル・タシュケント,ブニョドコル,タシュケント,#16a34a,4-2-3-1,バランス,44,100,140,115
UZB,USL,ディナモ・サマルカンド,ディナモ,サマルカンド,#2563eb,4-2-3-1,バランス,51,100,100,100
UZB,USL,ブハラ,ブハラ,ブハラ,#f97316,4-4-2,堅守速攻,34,80,60,78
UZB,USL,コーカンド1912,コーカンド1912,コーカンド,#dc2626,4-4-2,堅守速攻,39,80,60,78
UZB,USL,エー・ジー・エム・ケー,エージーエムケー,アルマリク,#f97316,4-3-3,サイド攻撃,46,100,120,115
UZB,USL,マシュアル,マシュアル,ムバレク,#111827,4-3-3,ハイプレス,36,80,60,78
UZB,USL,ナサフ・カルシ,ナサフ,カルシ,#2563eb,4-3-3,ハイプレス,52,120,120,130
UZB,USL,ナフバホール・ナマンガン,ナフバホール,ナマンガン,#2563eb,4-4-2,堅守速攻,46,100,100,115
UZB,USL,ネフチ・フェルガナ,ネフチ,フェルガナ,#facc15,4-2-3-1,バランス,47,100,100,126
UZB,USL,パフタコール・タシュケント,パフタコール,タシュケント,#facc15,4-2-3-1,ポゼッション,58,140,140,138
UZB,USL,キジルクム・ザラフシャン,キジルクム,ザラフシャン,#dc2626,4-4-2,堅守速攻,39,80,80,90
UZB,USL,ソグディアナ・ジザフ,ソグディアナ,ジザフ,#0ea5e9,4-3-3,ハイプレス,52,100,80,108
UZB,USL,スルホン・テルメズ,スルホン,テルメズ,#dc2626,4-2-3-1,バランス,40,80,60,90
UZB,USL,ロコモティフ・タシュケント,ロコモティフ,タシュケント,#dc2626,4-4-2,堅守速攻,45,80,80,130
UZB,USL,オリンピック・モビUZ・タシュケント,オリンピックM,タシュケント,#2563eb,4-3-3,ポゼッション,39,80,120,75
UZB,USL,オリンピック・タシュケント,オリンピック,タシュケント,#2563eb,4-3-3,ポゼッション,33,60,100,70
UZB,UZFD,アンディジャン,アンディジャン,アンディジャン,#16a34a,4-2-3-1,バランス,35,100,80,108
UZB,UZFD,ショルタン・グザル,ショルタン,グザル,#16a34a,4-2-3-1,バランス,26,60,60,60
UZB,UZFD,ホラズム・ウルゲンチ,ホラズム,ウルゲンチ,#7c3aed,4-4-2,堅守速攻,35,80,60,78
UZB,UZFD,フェルガナ,フェルガナ,フェルガナ,#16a34a,4-2-3-1,バランス,31,60,60,48
UZB,UZFD,ジャイフン・ヌクス,ジャイフン,ヌクス,#0ea5e9,4-4-2,堅守速攻,33,60,60,43
UZB,UZFD,アラル2022ヌクス,アラル2022,ヌクス,#7c3aed,4-2-3-1,バランス,28,60,40,70
AUS,AUS1,アデレード・ユナイテッド,アデレード,アデレード,#d71920,4-3-3,ハイプレス,59,120,120,100
AUS,AUS1,ブリスベン・ロアー,ブリスベン,ブリスベン,#f58220,4-4-2,堅守速攻,37,100,80,38
AUS,AUS1,セントラルコースト・マリナーズ,CCマリナーズ,ゴスフォード,#f4c542,4-2-3-1,ハイプレス,58,140,140,24
AUS,AUS1,マッカーサーFC,マッカーサー,シドニー,#111111,4-3-3,バランス,47,80,60,48
AUS,AUS1,メルボルン・シティ,メルボルンC,メルボルン,#6bb6ff,4-3-3,ポゼッション,65,160,120,104
AUS,AUS1,メルボルン・ビクトリー,メルボルンV,メルボルン,#005baa,4-2-3-1,ハイプレス,55,120,100,60
AUS,AUS1,ニューカッスル・ジェッツ,ニューカッスルJ,ニューカッスル,#005baa,4-4-2,堅守速攻,50,100,80,28
AUS,AUS1,パース・グローリー,パース,パース,#7a003c,4-2-3-1,バランス,35,60,40,30
AUS,AUS1,シドニーFC,シドニーFC,シドニー,#005baa,4-3-3,ポゼッション,57,120,80,100
AUS,AUS1,ウェリントン・フェニックス,ウェリントン,ウェリントン,#f4c542,4-2-3-1,バランス,47,120,120,60
AUS,AUS1,ウェスタン・シドニー・ワンダラーズ,WSワンダラーズ,シドニー,#d71920,4-4-2,堅守速攻,56,120,80,78
AUS,AUS1,ウェスタン・ユナイテッド,ウェスタンU,メルボルン,#00843d,4-3-3,バランス,53,120,100,92
CHN,CSL,北京国安,北京国安,北京,#16a34a,4-3-3,ポゼッション,43,100,100,130
CHN,CSL,成都蓉城,成都蓉城,成都,#dc2626,3-4-2-1,ハイプレス,40,100,60,134
CHN,CSL,長春亜泰,長春亜泰,長春,#dc2626,4-4-2,堅守速攻,46,120,80,115
CHN,CSL,大連プロ,大連プロ,大連,#2563eb,4-4-2,バランス,35,100,80,30
CHN,CSL,河南FC,河南,鄭州,#dc2626,4-4-2,堅守速攻,39,60,40,108
CHN,CSL,青島海牛,青島海牛,青島,#0ea5e9,4-4-2,堅守速攻,40,60,40,60
CHN,CSL,上海海港,上海海港,上海,#dc2626,4-2-3-1,ポゼッション,45,100,60,182
CHN,CSL,上海申花,上海申花,上海,#2563eb,4-2-3-1,堅守速攻,48,120,60,108
CHN,CSL,山東泰山,山東泰山,済南,#f97316,4-4-2,サイド攻撃,55,140,100,160
CHN,CSL,深圳FC,深圳,深圳,#06b6d4,4-3-3,バランス,26,80,40,30
CHN,CSL,天津津門虎,天津津門虎,天津,#2563eb,4-2-3-1,バランス,37,80,20,30
CHN,CSL,武漢三鎮,武漢三鎮,武漢,#0ea5e9,4-3-3,ハイプレス,30,60,40,108
CHN,CSL,浙江FC,浙江,杭州,#16a34a,4-3-3,ポゼッション,43,100,80,126
CHN,CSL,広州FC,広州,広州,#dc2626,4-3-3,ポゼッション,26,60,40,47
CHN,CSL,黒竜江氷城,黒竜江,ハルビン,#111827,4-4-2,バランス,31,20,20,112
CHN,CSL,四川九牛,四川九牛,成都,#06b6d4,4-3-3,バランス,35,40,20,76
CHN,CL1,滄州雄獅,滄州雄獅,滄州,#1d4ed8,4-4-2,堅守速攻,25,20,20,100
CHN,CL1,梅州客家,梅州客家,梅州,#7c2d12,4-2-3-1,サイド攻撃,29,60,20,30
CHN,CL1,南通支雲,南通支雲,南通,#2563eb,4-2-3-1,バランス,22,20,20,30
CHN,CL1,丹東騰躍,丹東騰躍,丹東,#dc2626,4-2-3-1,堅守速攻,19,20,20,20
CHN,CL1,東莞莞聯,東莞莞聯,東莞,#f97316,4-3-3,バランス,23,20,20,56
CHN,CL1,広西平果哈嘹,広西平果,平果,#dc2626,4-3-3,サイド攻撃,17,20,20,82
CHN,CL1,済南興洲,済南興洲,済南,#2563eb,4-2-3-1,バランス,19,20,20,35
CHN,CL1,江西廬山,江西廬山,九江,#16a34a,4-4-2,堅守速攻,26,20,20,82
CHN,CL1,遼寧瀋陽城市,遼寧瀋陽,瀋陽,#ef4444,4-4-2,堅守速攻,21,20,20,46
CHN,CL1,南京城市,南京城市,南京,#dc2626,4-2-3-1,バランス,23,20,20,56
CHN,CL1,青島西海岸,青島西海岸,青島,#f59e0b,4-2-3-1,バランス,22,20,20,47
CHN,CL1,上海嘉定匯龍,上海嘉定,上海,#1d4ed8,4-2-3-1,バランス,19,20,20,56
CHN,CL1,石家荘功夫,石家荘,石家荘,#2563eb,4-2-3-1,バランス,24,20,20,19
CHN,CL1,蘇州東呉,蘇州東呉,蘇州,#0ea5e9,4-4-2,堅守速攻,21,20,20,11
CHN,CL1,無錫呉鉤,無錫呉鉤,無錫,#dc2626,4-2-3-1,バランス,17,20,20,18
CHN,CL1,延辺龍鼎,延辺龍鼎,延吉,#dc2626,4-2-3-1,ハイプレス,23,40,40,23
HKG,HPL,東方,東方,香港,#dc2626,4-4-2,バランス,19,40,40,60
HKG,HPL,香港FC,香港FC,香港,#7c3aed,4-3-3,ポゼッション,24,60,40,39
HKG,HPL,傑志,傑志,香港,#2563eb,4-3-3,ポゼッション,26,80,40,78
HKG,HPL,理文,理文,香港,#facc15,4-2-3-1,ハイプレス,18,60,40,78
HKG,HPL,深水埗,深水埗,深水埗,#2563eb,4-4-2,堅守速攻,20,20,20,11
HKG,HPL,和富大埔,大埔,大埔,#16a34a,4-2-3-1,堅守速攻,14,20,20,28
HKG,HPL,中西区,中西区,香港,#facc15,4-3-3,サイド攻撃,18,20,20,21
HKG,HPL,九龍城,九龍城,九龍,#111827,4-4-2,堅守速攻,22,20,20,17
HKG,HPL,西貢,西貢,西貢,#0ea5e9,4-4-2,堅守速攻,14,20,20,8
HKG,HPL,南華,南華,香港,#dc2626,4-3-3,ポゼッション,21,60,20,30
HKG,HPL,永義,永義,香港,#f97316,4-4-2,堅守速攻,16,20,20,15
HKG,HFD,標準流浪,流浪,香港,#111827,4-4-2,堅守速攻,14,20,40,25
HKG,HFD,香港ユナイテッド,香港U,香港,#0ea5e9,4-2-3-1,バランス,12,20,40,47
HKG,HFD,北区,北区,北区,#f97316,4-2-3-1,バランス,13,20,20,25
HKG,HFD,晋峰,晋峰,香港,#16a34a,4-3-3,バランス,14,20,20,15
HKG,HFD,南区,南区,香港仔,#0ea5e9,4-3-3,サイド攻撃,14,20,20,21
HKG,HFD,三昇,三昇,香港,#dc2626,4-2-3-1,バランス,14,20,20,17
HKG,HFD,公民,公民,香港,#0ea5e9,4-4-2,堅守速攻,13,20,20,11
HKG,HFD,東区,東区,香港,#dc2626,4-2-3-1,バランス,12,20,20,29
HKG,HFD,凱景,凱景,香港,#2563eb,4-3-3,バランス,13,20,20,23
HKG,HFD,元朗,元朗,元朗,#dc2626,4-2-3-1,バランス,13,20,20,20
HKG,HFD,沙田,沙田,沙田,#16a34a,4-2-3-1,バランス,17,20,20,29
HKG,HFD,黄大仙,黄大仙,九龍,#f97316,4-3-3,ハイプレス,19,20,20,23
JPN,J1,セレッソ大阪,C大阪,大阪,#ec407a,4-4-2,バランス,68,140,100,130
JPN,J1,FC東京,FC東京,東京,#0d47a1,4-3-3,ポゼッション,70,140,120,162
JPN,J1,鹿島アントラーズ,鹿島,茨城,#b71c1c,4-2-3-1,バランス,71,140,120,166
JPN,J1,ヴィッセル神戸,神戸,兵庫,#7b1f1f,4-3-3,ポゼッション,61,140,100,130
JPN,J1,京都サンガF.C.,京都,京都,#6a1b9a,4-2-3-1,バランス,61,140,140,120
JPN,J1,名古屋グランパス,名古屋,愛知,#d32f2f,3-4-2-1,堅守速攻,62,140,120,134
JPN,J1,北海道コンサドーレ札幌,札幌,北海道,#d32f2f,3-4-2-1,バランス,59,140,120,145
JPN,J1,湘南ベルマーレ,湘南,神奈川,#43a047,3-4-2-1,ハイプレス,54,120,100,126
JPN,J1,浦和レッズ,浦和,埼玉,#c62828,4-2-3-1,ハイプレス,70,160,120,134
JPN,J1,横浜F・マリノス,横浜FM,神奈川,#1565c0,4-3-3,ハイプレス,66,160,120,108
JPN,J1,ジェフユナイテッド千葉,千葉,千葉,#f9a825,4-2-3-1,ハイプレス,72,140,120,173
JPN,J1,いわきFC,いわき,福島,#c62828,4-3-3,ハイプレス,64,160,60,82
JPN,J1,大分トリニータ,大分,大分,#1565c0,3-4-2-1,バランス,70,120,100,130
JPN,J1,大宮アルディージャ,大宮,埼玉,#f57c00,4-4-2,バランス,60,120,100,173
JPN,J1,ベガルタ仙台,仙台,宮城,#f9a825,4-4-2,バランス,87,120,100,178
JPN,J1,徳島ヴォルティス,徳島,徳島,#1565c0,4-3-3,バランス,71,120,100,167
JPN,J1,東京ヴェルディ,東京V,東京,#00796b,4-3-3,ポゼッション,69,120,120,143
JPN,J1,愛媛FC,愛媛,愛媛,#f57c00,4-4-2,バランス,50,100,100,82
JPN,J2,アビスパ福岡,福岡,福岡,#263238,4-4-2,堅守速攻,41,120,100,90
JPN,J2,ガンバ大阪,G大阪,大阪,#0d47a1,4-2-3-1,ポゼッション,59,140,120,108
JPN,J2,サンフレッチェ広島,広島,広島,#512da8,3-4-2-1,ハイプレス,48,140,120,120
JPN,J2,柏レイソル,柏,千葉,#f9a825,4-4-2,バランス,50,140,120,60
JPN,J2,川崎フロンターレ,川崎F,神奈川,#00a6d6,4-3-3,ポゼッション,59,140,100,126
JPN,J2,アルビレックス新潟,新潟,新潟,#fb8c00,4-3-3,ポゼッション,66,140,120,138
JPN,J2,横浜FC,横浜FC,神奈川,#039be5,3-5-2,堅守速攻,54,120,100,90
JPN,J2,FC町田ゼルビア,町田,東京,#01579b,4-4-2,堅守速攻,49,80,60,152
JPN,J2,ジュビロ磐田,磐田,静岡,#00a6d6,4-2-3-1,ポゼッション,55,120,100,152
JPN,J2,ヴァンフォーレ甲府,甲府,山梨,#0d47a1,4-3-3,バランス,49,100,100,143
JPN,J2,ロアッソ熊本,熊本,熊本,#d84315,3-4-2-1,ポゼッション,46,80,80,130
JPN,J2,水戸ホーリーホック,水戸,茨城,#0d47a1,4-4-2,バランス,46,100,80,130
JPN,J2,V・ファーレン長崎,長崎,長崎,#f57c00,4-2-3-1,バランス,50,80,60,182
JPN,J2,ファジアーノ岡山,岡山,岡山,#b71c1c,3-4-2-1,堅守速攻,44,80,60,152
JPN,J2,清水エスパルス,清水,静岡,#f57c00,4-2-3-1,バランス,55,140,120,130
JPN,J2,栃木SC,栃木,栃木,#fbc02d,3-4-2-1,堅守速攻,53,100,80,130
JPN,J2,モンテディオ山形,山形,山形,#0d47a1,4-2-3-1,ポゼッション,45,100,100,130
JPN,J2,FC岐阜,岐阜,岐阜,#43a047,4-2-3-1,バランス,42,80,80,130
JPN,J2,FC琉球,琉球,沖縄,#c62828,4-2-3-1,ポゼッション,49,80,60,152
JPN,J2,ギラヴァンツ北九州,北九州,福岡,#f9a825,4-4-2,バランス,43,80,60,112
JPN,J2,カマタマーレ讃岐,讃岐,香川,#00acc1,4-4-2,堅守速攻,36,80,60,82
JPN,J2,カターレ富山,富山,富山,#1565c0,4-4-2,堅守速攻,39,100,60,52
KOR,K1,大邱FC,大邱,大邱,#0ea5e9,3-4-2-1,サイド攻撃,53,140,120,90
KOR,K1,大田ハナシチズン,大田,大田,#7c3aed,4-2-3-1,バランス,43,120,100,120
KOR,K1,浦項スティーラーズ,浦項,浦項,#111827,4-3-3,ハイプレス,61,140,160,100
KOR,K1,FCソウル,FCソウル,ソウル,#dc2626,4-2-3-1,バランス,52,120,120,115
KOR,K1,江原FC,江原,春川,#f97316,4-2-3-1,サイド攻撃,55,100,120,100
KOR,K1,済州ユナイテッド,済州,済州,#f97316,4-4-2,堅守速攻,59,140,120,100
KOR,K1,全北現代モータース,全北現代,全州,#16a34a,4-3-3,ポゼッション,71,160,120,138
KOR,K1,蔚山HD,蔚山HD,蔚山,#2563eb,4-2-3-1,ハイプレス,74,160,160,126
KOR,K1,釜山アイパーク,釜山,釜山,#dc2626,4-3-3,サイド攻撃,64,140,160,143
KOR,K1,仁川ユナイテッド,仁川,仁川,#2563eb,4-2-3-1,バランス,63,120,140,160
KOR,K1,城南FC,城南,城南,#111827,4-4-2,堅守速攻,60,120,100,143
KOR,K1,水原三星ブルーウィングス,水原三星,水原,#2563eb,4-2-3-1,ポゼッション,62,140,160,143
KOR,K2,FC安養,安養,安養,#7c3aed,4-4-2,堅守速攻,49,100,100,100
KOR,K2,金泉尚武,金泉尚武,金泉,#ef4444,4-4-2,堅守速攻,42,120,1,78
KOR,K2,光州FC,光州,光州,#facc15,4-2-3-1,ポゼッション,35,60,120,90
KOR,K2,水原FC,水原FC,水原,#dc2626,4-3-3,バランス,37,100,100,100
KOR,K2,安山グリナース,安山,安山,#16a34a,4-2-3-1,バランス,36,80,60,82
KOR,K2,富川FC 1995,富川,富川,#dc2626,4-3-3,ハイプレス,37,80,100,130
KOR,K2,天安シティ,天安,天安,#ef4444,4-4-2,堅守速攻,33,80,80,112
KOR,K2,忠北清州FC,忠北清州,清州,#0ea5e9,4-3-3,ポゼッション,35,80,60,82
KOR,K2,忠南牙山,忠南牙山,牙山,#2563eb,4-2-3-1,バランス,38,80,100,112
KOR,K2,金浦FC,金浦,金浦,#111827,4-4-2,堅守速攻,33,80,60,112
KOR,K2,慶南FC,慶南,昌原,#f97316,4-2-3-1,サイド攻撃,46,120,100,130
KOR,K2,華城FC,華城,華城,#f97316,4-3-3,ハイプレス,31,60,60,82
KOR,K2,全南ドラゴンズ,全南,光陽,#facc15,4-4-2,堅守速攻,42,100,100,130
KOR,K2,ソウルイーランド,ソウルE,ソウル,#0ea5e9,4-2-3-1,バランス,43,80,60,130
AUT,AUT1,レッドブル・ザルツブルク,ザルツブルク,ザルツブルク,#d71920,4-4-2,堅守速攻,83,200,160,238
AUT,AUT1,シュトゥルム・グラーツ,シュトゥルム,グラーツ,#d71920,3-5-2,ハイプレス,61,160,120,130
AUT,AUT1,ラピード・ウィーン,ラピード,ウィーン,#d71920,4-3-3,バランス,62,120,120,108
AUT,AUT1,オーストリア・ウィーン,Aウィーン,ウィーン,#d71920,4-2-3-1,ポゼッション,52,120,120,90
AUT,AUT1,LASK,LASK,リンツ,#d71920,4-4-2,堅守速攻,54,120,100,108
AUT,AUT1,ヴォルフスベルガーAC,WAC,ヴォルフスベルク,#d71920,3-5-2,ハイプレス,37,100,80,60
AUT,AUT1,ハルトベルク,ハルトベルク,68,#d71920,4-3-3,バランス,39,60,78,10
AUT,AUT1,アルタッハ,アルタッハ,68,#d71920,4-2-3-1,ポゼッション,37,60,78,10
AUT,AUT1,WSGチロル,WSGチロル,インスブルック,#d71920,4-4-2,堅守速攻,31,60,60,15
AUT,AUT1,オーストリア・ルステナウ,ルステナウ,ルステナウ,#d71920,3-5-2,ハイプレス,37,60,60,21
AUT,AUT1,ブラウ＝ヴァイス・リンツ,BWリンツ,リンツ,#d71920,4-3-3,バランス,37,80,60,20
AUT,AUT1,オーストリア・クラーゲンフルト,クラーゲンフルト,クラーゲンフルト,#d71920,4-2-3-1,ポゼッション,37,80,60,30
BEL,BEL1,アンデルレヒト,アンデルレヒト,ブリュッセル,#1565c0,4-4-2,堅守速攻,58,140,140,78
BEL,BEL1,アントワープ,アントワープ,アントワープ,#1565c0,3-5-2,ハイプレス,59,120,100,134
BEL,BEL1,セルクル・ブルージュ,セルクル,ブルージュ,#1565c0,4-3-3,バランス,60,120,100,115
BEL,BEL1,シャルルロワ,シャルルロワ,シャルルロワ,#1565c0,4-2-3-1,ポゼッション,51,120,100,23
BEL,BEL1,クラブ・ブルージュ,クラブ・ブルージュ,ブルージュ,#1565c0,4-4-2,堅守速攻,79,200,140,148
BEL,BEL1,ヘント,ヘント,ヘント,#1565c0,4-3-3,バランス,62,160,120,78
BEL,BEL1,KRCヘンク,ヘンク,ヘンク,#1565c0,4-2-3-1,ポゼッション,70,160,160,90
BEL,BEL1,KVメヘレン,メヘレン,メヘレン,#1565c0,3-5-2,ハイプレス,59,120,120,60
BEL,BEL1,シント＝トロイデン,STVV,シント＝トロイデン,#1565c0,4-4-2,堅守速攻,53,120,120,78
BEL,BEL1,スタンダール・リエージュ,スタンダール,リエージュ,#1565c0,3-5-2,ハイプレス,66,160,140,78
BEL,BEL1,ベールスホット,ベールスホット,アントワープ,#1565c0,4-4-2,堅守速攻,47,100,120,32
BEL,BEL1,ヨング・ヘンク,ヨング・ヘンク,ヘンク,#1565c0,4-4-2,堅守速攻,59,120,120,48
BEL,BEL1,オーステンデ,オーステンデ,オーステンデ,#1565c0,4-4-2,堅守速攻,66,160,100,30
BEL,BEL1,RSCAフューチャーズ,RSCA未来,ブリュッセル,#1565c0,4-2-3-1,ポゼッション,52,140,160,13
BEL,BEL1,SL16 FC,SL16,リエージュ,#1565c0,4-3-3,バランス,54,100,120,49
BEL,BEL1,ズルテ・ワレヘム,ズルテ・ワレヘム,ワレヘム,#1565c0,4-2-3-1,ポゼッション,59,120,120,100
BEL,BEL2,オイペン,オイペン,オイペン,#1565c0,3-5-2,ハイプレス,49,100,120,30
BEL,BEL2,KVコルトレイク,コルトレイク,コルトレイク,#1565c0,4-4-2,堅守速攻,40,100,100,30
BEL,BEL2,モレンベーク,モレンベーク,ブリュッセル,#1565c0,4-3-3,バランス,36,80,80,25
BEL,BEL2,OHルーヴェン,ルーヴェン,ルーヴェン,#1565c0,4-2-3-1,ポゼッション,45,100,100,90
BEL,BEL2,ユニオンSG,ユニオンSG,ブリュッセル,#1565c0,4-3-3,バランス,46,100,100,60
BEL,BEL2,ウェステルロー,ウェステルロー,ウェステルロー,#1565c0,4-2-3-1,ポゼッション,43,100,100,26
BEL,BEL2,クラブNXT,クラブNXT,ブルージュ,#1565c0,3-5-2,ハイプレス,41,100,100,14
BEL,BEL2,デンデルEH,デンデル,デンデルレーウ,#1565c0,4-3-3,バランス,45,100,100,15
BEL,BEL2,フランクス・ボラン,フランクス・ボラン,ボラン,#1565c0,4-2-3-1,ポゼッション,46,100,100,14
BEL,BEL2,KMSKデインズ,デインズ,デインズ,#1565c0,3-5-2,ハイプレス,41,100,80,21
BEL,BEL2,リールセK,リールセ,リール,#1565c0,4-3-3,バランス,38,80,100,60
BEL,BEL2,ロンメルSK,ロンメル,ロンメル,#1565c0,4-2-3-1,ポゼッション,33,80,80,29
BEL,BEL2,パトロ・エイスデン,パトロ,エイスデン,#1565c0,3-5-2,ハイプレス,43,100,100,15
BEL,BEL2,RFCリエージュ,RFCリエージュ,リエージュ,#1565c0,4-3-3,バランス,44,100,100,32
BEL,BEL2,セランFC,セラン,セラン,#1565c0,4-4-2,堅守速攻,42,80,100,12
BEL,BEL2,SKベフェレン,ベフェレン,ベフェレン,#1565c0,3-5-2,ハイプレス,38,100,100,16
BUL,BUL1,ルドゴレツ・ラズグラド,ルドゴレツ,ラズグラド,#00843d,4-3-3,ポゼッション,52,120,100,110
BUL,BUL1,CSKAソフィア,CSKAソフィア,ソフィア,#d71920,4-2-3-1,ハイプレス,44,120,60,90
BUL,BUL1,レフスキ・ソフィア,レフスキ,ソフィア,#005baa,4-3-3,バランス,45,120,80,87
BUL,BUL1,CSKA 1948,CSKA 1948,ソフィア,#d71920,4-2-3-1,バランス,46,80,80,127
BUL,BUL1,ボテフ・プロヴディフ,ボテフ,プロヴディフ,#f4c542,4-4-2,堅守速攻,45,80,60,100
BUL,BUL1,チェルノ・モレ,チェルノ・モレ,ヴァルナ,#00843d,4-3-3,堅守速攻,34,80,60,78
BUL,BUL1,スラヴィア・ソフィア,スラヴィア,ソフィア,#ffffff,4-2-3-1,バランス,39,40,60,58
BUL,BUL1,アルダ・クルジャリ,アルダ,クルジャリ,#005baa,4-4-2,堅守速攻,37,80,80,85
BUL,BUL1,ベロエ・スタラ・ザゴラ,ベロエ,スタラ・ザゴラ,#00843d,4-3-3,バランス,33,60,60,58
BUL,BUL1,ロコモティフ・プロヴディフ,ロコモティフP,プロヴディフ,#111111,4-2-3-1,堅守速攻,38,60,80,56
BUL,BUL1,ロコモティフ・ソフィア,ロコモティフS,ソフィア,#d71920,4-4-2,堅守速攻,32,60,80,60
BUL,BUL1,ヘバル・パザルジク,ヘバル,パザルジク,#00843d,4-3-3,バランス,34,60,60,48
BUL,BUL1,ピリン・ブラゴエヴグラト,ピリン,ブラゴエヴグラト,#00843d,4-2-3-1,堅守速攻,28,20,80,20
BUL,BUL1,ボテフ・ヴラツァ,ボテフV,ヴラツァ,#00843d,4-4-2,堅守速攻,29,40,80,43
BUL,BUL1,クルモヴグラト,クルモヴグラト,クルモヴグラト,#005baa,4-3-3,バランス,24,10,20,18
BUL,BUL1,エタル・ヴェリコ・タルノヴォ,エタル,ヴェリコ・タルノヴォ,#7a003c,4-2-3-1,堅守速攻,30,40,80,31
CRO,CRO1,ディナモ・ザグレブ,ディナモZG,ザグレブ,#005baa,4-3-3,ポゼッション,62,120,160,138
CRO,CRO1,ハイドゥク・スプリト,ハイドゥク,スプリト,#ffffff,4-2-3-1,ハイプレス,54,120,140,100
CRO,CRO1,HNKリエカ,リエカ,リエカ,#6bb6ff,4-3-3,バランス,64,120,80,123
CRO,CRO1,NKオシエク,オシエク,オシエク,#003b79,4-2-3-1,ポゼッション,65,160,80,134
CRO,CRO1,ロコモティヴァ・ザグレブ,ロコモティヴァ,ザグレブ,#005baa,4-4-2,堅守速攻,40,60,140,64
CRO,CRO1,NKヴァラジュディン,ヴァラジュディン,ヴァラジュディン,#005baa,4-2-3-1,バランス,50,100,160,48
CRO,CRO1,スラヴェン・ベルポ,スラヴェン,コプリヴニツァ,#005baa,4-4-2,堅守速攻,36,60,60,28
CRO,CRO1,NKイストラ1961,イストラ,プーラ,#f4c542,4-3-3,バランス,59,120,80,85
CRO,CRO1,HNKゴリツァ,ゴリツァ,ヴェリカ・ゴリツァ,#d71920,4-2-3-1,堅守速攻,54,100,140,38
CRO,CRO1,NKルデシュ,ルデシュ,ザグレブ,#d71920,4-4-2,堅守速攻,37,60,100,33
CZE,CZE1,スパルタ・プラハ,スパルタ,プラハ,#1565c0,4-3-3,バランス,67,160,120,145
CZE,CZE1,スラヴィア・プラハ,スラヴィア,プラハ,#1565c0,4-2-3-1,ポゼッション,68,160,120,138
CZE,CZE1,ヴィクトリア・プルゼニ,プルゼニ,プルゼニ,#1565c0,4-4-2,堅守速攻,58,120,100,115
CZE,CZE1,スロヴァン・リベレツ,リベレツ,リベレツ,#1565c0,3-5-2,ハイプレス,45,100,80,60
CZE,CZE1,バニーク・オストラヴァ,バニーク,オストラヴァ,#1565c0,4-3-3,バランス,45,100,80,78
CZE,CZE1,ボヘミアンズ1905,ボヘミアンズ,プラハ,#1565c0,4-2-3-1,ポゼッション,36,80,80,30
CZE,CZE1,ムラダー・ボレスラフ,ボレスラフ,ムラダー・ボレスラフ,#1565c0,4-4-2,堅守速攻,44,100,80,60
CZE,CZE1,シグマ・オロモウツ,シグマ,オロモウツ,#1565c0,3-5-2,ハイプレス,45,100,100,60
CZE,CZE1,スロヴァーツコ,スロヴァーツコ,ウヘルスケー・フラジシュチェ,#1565c0,4-3-3,バランス,40,80,80,30
CZE,CZE1,ヤブロネツ,ヤブロネツ,ヤブロネツ,#1565c0,4-2-3-1,ポゼッション,35,80,80,30
CZE,CZE1,ディナモ・チェスケー・ブジェヨヴィツェ,Dチェスケー,チェスケー・ブジェヨヴィツェ,#1565c0,4-4-2,堅守速攻,37,60,60,20
CZE,CZE1,テプリツェ,テプリツェ,テプリツェ,#1565c0,3-5-2,ハイプレス,33,60,60,20
CZE,CZE1,フラデツ・クラーロヴェー,フラデツ,フラデツ・クラーロヴェー,#1565c0,4-3-3,バランス,42,80,60,15
CZE,CZE1,パルドゥビツェ,パルドゥビツェ,パルドゥビツェ,#1565c0,4-2-3-1,ポゼッション,37,60,60,19
CZE,CZE1,カルヴィナー,カルヴィナー,カルヴィナー,#1565c0,4-4-2,堅守速攻,30,60,20,18
CZE,CZE1,ズリーン,ズリーン,ズリーン,#1565c0,3-5-2,ハイプレス,39,80,60,19
DEN,DEN1,FCコペンハーゲン,コペンハーゲン,コペンハーゲン,#d71920,4-3-3,バランス,77,160,120,156
DEN,DEN1,ミッティラン,ミッティラン,ヘアニング,#d71920,4-2-3-1,ポゼッション,73,160,120,145
DEN,DEN1,ブレンビー,ブレンビー,ブレンビー,#d71920,4-4-2,堅守速攻,53,120,120,120
DEN,DEN1,ノアシェラン,ノアシェラン,ファルム,#d71920,3-5-2,ハイプレス,61,140,160,130
DEN,DEN1,AGF,AGF,オーフス,#d71920,4-3-3,バランス,48,100,100,78
DEN,DEN1,オーデンセBK,OB,オーデンセ,#d71920,4-2-3-1,ポゼッション,46,100,80,60
DEN,DEN1,ラナース,ラナース,ラナース,#d71920,4-4-2,堅守速攻,38,80,80,30
DEN,DEN1,シルケボー,シルケボー,シルケボー,#d71920,3-5-2,ハイプレス,56,100,80,60
DEN,DEN1,ヴィボー,ヴィボー,ヴィボー,#d71920,4-3-3,バランス,43,80,60,30
DEN,DEN1,リンビー,リンビー,リンビー,#d71920,4-2-3-1,ポゼッション,44,60,60,20
DEN,DEN1,ヴェイレ,ヴェイレ,ヴェイレ,#d71920,4-4-2,堅守速攻,36,60,60,15
DEN,DEN1,ホヴィドヴレ,ホヴィドヴレ,ホヴィドヴレ,#d71920,3-5-2,ハイプレス,40,60,60,20
ENG,EPL,アーセナル,アーセナル,ロンドン,#ef0107,4-3-3,ポゼッション,83,140,160,260
ENG,EPL,アストン・ヴィラ,ヴィラ,バーミンガム,#670e36,4-2-3-1,バランス,93,180,160,100
ENG,EPL,ブレントフォード,ブレントフォード,ロンドン,#e30613,4-3-3,ハイプレス,87,80,60,204
ENG,EPL,ブライトン,ブライトン,ブライトン,#0057b8,4-2-3-1,ポゼッション,98,140,160,242
ENG,EPL,チェルシー,チェルシー,ロンドン,#034694,4-2-3-1,ポゼッション,99,180,140,262
ENG,EPL,エヴァートン,エヴァートン,リヴァプール,#003399,4-2-3-1,バランス,93,140,160,231
ENG,EPL,フラム,フラム,ロンドン,#000000,4-2-3-1,バランス,81,160,120,138
ENG,EPL,リヴァプール,リヴァプール,リヴァプール,#c8102e,4-3-3,ハイプレス,107,180,140,265
ENG,EPL,マンチェスター・シティ,マンC,マンチェスター,#6cabdd,4-3-3,ポゼッション,100,180,140,273
ENG,EPL,ニューカッスル・ユナイテッド,ニューカッスル,ニューカッスル,#241f20,4-3-3,ハイプレス,86,120,100,249
ENG,EPL,トッテナム・ホットスパー,トッテナム,ロンドン,#132257,4-2-3-1,ハイプレス,102,180,140,280
ENG,EPL,ウェストハム・ユナイテッド,ウェストハム,ロンドン,#7a263a,4-2-3-1,サイド攻撃,87,120,120,232
ENG,EPL,ブリストル・シティ,ブリストルC,ブリストル,#d71920,4-3-3,サイド攻撃,95,160,100,166
ENG,EPL,リーズ・ユナイテッド,リーズ,リーズ,#ffcd00,4-2-3-1,ハイプレス,94,140,120,216
ENG,EPL,レスター・シティ,レスター,レスター,#003090,4-3-3,ポゼッション,114,180,160,233
ENG,EPL,ノリッジ・シティ,ノリッジ,ノリッジ,#00a650,4-2-3-1,サイド攻撃,83,160,120,162
ENG,EPL,プレストン・ノースエンド,プレストン,プレストン,#ffffff,3-5-2,堅守速攻,70,160,80,78
ENG,EPL,サウサンプトン,サウサンプトン,サウサンプトン,#d71920,4-3-3,ポゼッション,89,140,160,226
ENG,EPL,ストーク・シティ,ストーク,ストーク,#e03a3e,4-2-3-1,堅守速攻,76,160,100,138
ENG,EPL,サンダーランド,サンダーランド,サンダーランド,#eb172b,4-2-3-1,サイド攻撃,61,140,120,115
ENG,ECH,ボーンマス,ボーンマス,ボーンマス,#da291c,4-4-2,堅守速攻,47,100,80,30
ENG,ECH,バーンリー,バーンリー,バーンリー,#6c1d45,4-4-2,堅守速攻,48,160,100,78
ENG,ECH,クリスタル・パレス,パレス,ロンドン,#1b458f,4-3-3,サイド攻撃,55,120,160,108
ENG,ECH,ルートン・タウン,ルートン,ルートン,#f78f1e,3-4-2-1,堅守速攻,61,120,100,29
ENG,ECH,マンチェスター・ユナイテッド,マンU,マンチェスター,#da291c,4-2-3-1,サイド攻撃,91,160,160,260
ENG,ECH,ノッティンガム・フォレスト,Nフォレスト,ノッティンガム,#dd0000,4-2-3-1,堅守速攻,49,100,100,90
ENG,ECH,シェフィールド・ユナイテッド,シェフィールドU,シェフィールド,#ee2737,3-5-2,堅守速攻,60,100,100,120
ENG,ECH,ウォルヴァーハンプトン,ウルブス,ウォルヴァーハンプトン,#fdb913,3-4-2-1,堅守速攻,82,160,120,189
ENG,ECH,バーミンガム・シティ,バーミンガム,バーミンガム,#004c9e,4-2-3-1,バランス,61,100,120,126
ENG,ECH,ブラックバーン・ローヴァーズ,ブラックバーン,ブラックバーン,#0057b8,4-2-3-1,バランス,68,120,120,151
ENG,ECH,カーディフ・シティ,カーディフ,カーディフ,#0070b5,4-2-3-1,バランス,72,120,100,78
ENG,ECH,コヴェントリー・シティ,コヴェントリー,コヴェントリー,#77bbff,3-4-2-1,ハイプレス,49,120,100,78
ENG,ECH,ハダースフィールド・タウン,ハダースフィールド,ハダースフィールド,#0e63ad,4-2-3-1,堅守速攻,52,120,80,78
ENG,ECH,ハル・シティ,ハル,ハル,#f5a800,4-2-3-1,サイド攻撃,58,120,80,60
ENG,ECH,イプスウィッチ・タウン,イプスウィッチ,イプスウィッチ,#0057b8,4-2-3-1,ハイプレス,60,120,100,100
ENG,ECH,ミドルズブラ,ミドルズブラ,ミドルズブラ,#e30613,4-2-3-1,バランス,62,140,160,90
ENG,ECH,ミルウォール,ミルウォール,ロンドン,#001489,4-4-2,堅守速攻,48,100,80,60
ENG,ECH,プリマス・アーガイル,プリマス,プリマス,#006747,4-3-3,バランス,53,60,60,120
ENG,ECH,クイーンズ・パーク・レンジャーズ,QPR,ロンドン,#1d5db8,4-2-3-1,バランス,52,120,100,90
ENG,ECH,ロザラム・ユナイテッド,ロザラム,ロザラム,#e21d2d,4-4-2,堅守速攻,46,80,40,60
ENG,ECH,シェフィールド・ウェンズデイ,シェフィールドW,シェフィールド,#0057b8,3-5-2,バランス,51,80,60,108
ENG,ECH,スウォンジー・シティ,スウォンジー,スウォンジー,#000000,4-2-3-1,ポゼッション,75,120,100,158
ENG,ECH,ワトフォード,ワトフォード,ワトフォード,#fbee23,4-3-3,サイド攻撃,67,140,100,115
ENG,ECH,ウェスト・ブロムウィッチ・アルビオン,WBA,ウェスト・ブロムウィッチ,#122f67,4-2-3-1,バランス,78,120,120,189
ESP,LL,アラベス,アラベス,ビトリア,#005bac,4-2-3-1,堅守速攻,63,100,100,120
ESP,LL,アスレティック・ビルバオ,アスレティック,ビルバオ,#ee2523,4-2-3-1,ハイプレス,79,140,160,175
ESP,LL,アトレティコ・マドリード,アトレティコ,マドリード,#cb3524,3-5-2,堅守速攻,95,160,160,168
ESP,LL,バルセロナ,バルセロナ,バルセロナ,#a50044,4-3-3,ポゼッション,107,140,140,249
ESP,LL,カディス,カディス,カディス,#ffe100,4-4-2,堅守速攻,70,120,120,115
ESP,LL,セルタ・ビーゴ,セルタ,ビーゴ,#8fd4f4,4-3-3,ポゼッション,101,160,120,176
ESP,LL,マジョルカ,マジョルカ,パルマ,#d71920,5-3-2,堅守速攻,71,100,100,108
ESP,LL,レアル・ベティス,ベティス,セビージャ,#00954c,4-2-3-1,ポゼッション,76,120,120,168
ESP,LL,レアル・マドリード,レアル・マドリード,マドリード,#ffffff,4-3-3,ポゼッション,90,140,140,272
ESP,LL,レアル・ソシエダ,ソシエダ,サン・セバスティアン,#005eb8,4-3-3,ハイプレス,93,140,160,195
ESP,LL,セビージャ,セビージャ,セビージャ,#d71920,4-2-3-1,サイド攻撃,97,160,160,187
ESP,LL,バレンシア,バレンシア,バレンシア,#f58220,4-2-3-1,サイド攻撃,92,160,160,182
ESP,LL,ビジャレアル,ビジャレアル,ビジャレアル,#fff200,4-4-2,ポゼッション,101,160,160,175
ESP,LL,アルバセテ,アルバセテ,アルバセテ,#ffffff,4-2-3-1,バランス,71,120,100,13
ESP,LL,エイバル,エイバル,エイバル,#005bac,4-2-3-1,ハイプレス,74,100,100,108
ESP,LL,エルチェ,エルチェ,エルチェ,#00843d,4-2-3-1,バランス,82,120,120,141
ESP,LL,エスパニョール,エスパニョール,バルセロナ,#005eb8,4-2-3-1,ポゼッション,96,160,160,166
ESP,LL,レバンテ,レバンテ,バレンシア,#d71920,4-2-3-1,サイド攻撃,74,120,100,130
ESP,LL,スポルティング・ヒホン,ヒホン,ヒホン,#e30613,4-2-3-1,ハイプレス,72,160,160,60
ESP,LL,レアル・バリャドリード,バリャドリード,バリャドリード,#7f2c8e,4-2-3-1,ポゼッション,72,120,100,148
ESP,LL2,アルメリア,アルメリア,アルメリア,#ee1c25,4-3-3,サイド攻撃,63,120,80,100
ESP,LL2,ヘタフェ,ヘタフェ,ヘタフェ,#005baa,4-4-2,堅守速攻,51,100,100,108
ESP,LL2,ジローナ,ジローナ,ジローナ,#e30613,4-3-3,ポゼッション,50,100,120,115
ESP,LL2,グラナダ,グラナダ,グラナダ,#d71920,4-2-3-1,バランス,61,120,120,108
ESP,LL2,ラス・パルマス,ラス・パルマス,ラス・パルマス,#f9df00,4-3-3,ポゼッション,62,120,120,138
ESP,LL2,オサスナ,オサスナ,パンプローナ,#003b79,4-2-3-1,ハイプレス,61,120,120,130
ESP,LL2,ラージョ・バジェカーノ,ラージョ,マドリード,#e30613,4-2-3-1,ハイプレス,56,100,100,60
ESP,LL2,アルコルコン,アルコルコン,アルコルコン,#ffd200,4-4-2,堅守速攻,43,80,80,28
ESP,LL2,アモレビエタ,アモレビエタ,アモレビエタ,#005bac,4-4-2,堅守速攻,43,60,60,14
ESP,LL2,アンドラ,アンドラ,アンドラ・ラ・ベリャ,#005baa,4-3-3,ポゼッション,61,100,80,30
ESP,LL2,ブルゴス,ブルゴス,ブルゴス,#000000,4-2-3-1,堅守速攻,46,100,80,44
ESP,LL2,カルタヘナ,カルタヘナ,カルタヘナ,#000000,4-2-3-1,バランス,43,100,60,26
ESP,LL2,エルデンセ,エルデンセ,エルダ,#004b93,4-4-2,堅守速攻,38,40,60,12
ESP,LL2,ウエスカ,ウエスカ,ウエスカ,#004b93,4-2-3-1,バランス,57,120,100,60
ESP,LL2,レガネス,レガネス,レガネス,#005bac,4-2-3-1,堅守速攻,48,100,80,25
ESP,LL2,ミランデス,ミランデス,ミランダ・デ・エブロ,#d71920,4-2-3-1,ハイプレス,44,80,20,49
ESP,LL2,ラシン・サンタンデール,ラシン,サンタンデール,#00843d,4-2-3-1,バランス,63,120,120,30
ESP,LL2,ラシン・フェロル,ラシン・フェロル,フェロル,#00843d,4-4-2,堅守速攻,47,60,60,29
ESP,LL2,レアル・オビエド,オビエド,オビエド,#005bac,4-2-3-1,バランス,50,120,100,78
ESP,LL2,レアル・サラゴサ,サラゴサ,サラゴサ,#ffffff,4-2-3-1,バランス,57,120,120,115
ESP,LL2,テネリフェ,テネリフェ,サンタ・クルス,#005bac,4-2-3-1,バランス,51,120,120,100
ESP,LL2,ビジャレアルB,ビジャレアルB,ビジャレアル,#fff200,4-3-3,ポゼッション,31,20,20,12
FRA,FRA1,パリ・サンジェルマン,PSG,パリ,#004170,4-3-3,ポゼッション,101,160,180,262
FRA,FRA1,ASモナコ,モナコ,モナコ,#e30613,4-2-3-1,バランス,95,160,160,201
FRA,FRA1,オリンピック・マルセイユ,マルセイユ,マルセイユ,#00a3e0,4-3-3,ハイプレス,94,140,120,226
FRA,FRA1,オリンピック・リヨン,リヨン,リヨン,#003b79,4-2-3-1,ポゼッション,78,140,160,132
FRA,FRA1,RCランス,ランス,ランス,#d71920,3-4-2-1,堅守速攻,65,120,100,130
FRA,FRA1,LOSCリール,リール,リール,#e01b2f,4-2-3-1,バランス,100,160,140,201
FRA,FRA1,OGCニース,ニース,ニース,#d71920,4-3-3,堅守速攻,76,140,160,136
FRA,FRA1,スタッド・レンヌ,レンヌ,レンヌ,#d71920,4-3-3,ハイプレス,98,160,160,170
FRA,FRA1,スタッド・ブレスト,ブレスト,ブレスト,#d71920,4-4-2,堅守速攻,72,120,100,122
FRA,FRA1,RCストラスブール,ストラスブール,ストラスブール,#005baa,3-4-2-1,バランス,89,160,160,151
FRA,FRA1,AJオセール,オセール,オセール,#0050a4,4-2-3-1,堅守速攻,70,120,120,130
FRA,FRA1,スタッド・ランス,Sランス,ランス,#d71920,4-3-3,ハイプレス,70,100,160,130
FRA,FRA1,FCメス,メス,メス,#7a003c,4-2-3-1,バランス,62,100,140,82
FRA,FRA1,FCロリアン,ロリアン,ロリアン,#f58220,4-3-3,ポゼッション,87,160,120,166
FRA,FRA1,クレルモン・フット,クレルモン,クレルモンフェラン,#c8102e,4-3-3,ポゼッション,76,160,160,98
FRA,FRA1,トロワAC,トロワ,トロワ,#005baa,4-3-3,ポゼッション,86,160,140,115
FRA,FRA1,グルノーブル・フット38,グルノーブル,グルノーブル,#005baa,4-2-3-1,バランス,58,100,100,64
FRA,FRA1,レッドスターFC,レッドスター,サン＝トゥアン,#00843d,4-3-3,ハイプレス,64,120,120,66
FRA,FRA2,FCナント,ナント,ナント,#ffdd00,4-4-2,バランス,59,100,120,45
FRA,FRA2,トゥールーズFC,トゥールーズ,トゥールーズ,#5f249f,4-3-3,ポゼッション,58,120,120,116
FRA,FRA2,アンジェSCO,アンジェ,アンジェ,#111111,4-2-3-1,堅守速攻,41,40,60,98
FRA,FRA2,ル・アーヴルAC,ル・アーヴル,ル・アーヴル,#003b79,4-4-2,堅守速攻,58,80,120,111
FRA,FRA2,モンペリエHSC,モンペリエ,モンペリエ,#f47b20,4-2-3-1,バランス,51,120,80,30
FRA,FRA2,ASサンテティエンヌ,サンテティエンヌ,サンテティエンヌ,#009639,4-2-3-1,バランス,69,160,160,126
FRA,FRA2,パリFC,パリFC,パリ,#003b79,4-2-3-1,バランス,62,100,120,94
FRA,FRA2,SMカーン,カーン,カーン,#004b93,4-4-2,堅守速攻,39,80,80,31
FRA,FRA2,SCバスティア,バスティア,バスティア,#0050a4,4-2-3-1,堅守速攻,58,60,60,34
FRA,FRA2,EAギャンガン,ギャンガン,ギャンガン,#d71920,4-4-2,バランス,63,100,80,81
FRA,FRA2,アミアンSC,アミアン,アミアン,#111111,4-2-3-1,堅守速攻,55,120,100,29
FRA,FRA2,スタッド・ラヴァル,ラヴァル,ラヴァル,#f58220,4-4-2,堅守速攻,54,80,80,75
FRA,FRA2,FCアヌシー,アヌシー,アヌシー,#d71920,4-2-3-1,バランス,40,60,40,34
FRA,FRA2,ACアジャクシオ,アジャクシオ,アジャクシオ,#d71920,4-4-2,堅守速攻,44,80,80,27
FRA,FRA2,USLダンケルク,ダンケルク,ダンケルク,#003b79,4-3-3,ハイプレス,45,80,60,29
FRA,FRA2,ロデーズAF,ロデーズ,ロデーズ,#d71920,4-4-2,堅守速攻,51,100,60,38
FRA,FRA2,ポーFC,ポー,ポー,#ffdd00,4-2-3-1,バランス,44,60,40,22
FRA,FRA2,FCマルティーグ,マルティーグ,マルティーグ,#d71920,4-4-2,堅守速攻,30,10,20,15
GER,BL,アウクスブルク,アウクスブルク,アウクスブルク,#ba3733,4-2-3-1,堅守速攻,73,120,100,134
GER,BL,バイヤー・レヴァークーゼン,レヴァークーゼン,レヴァークーゼン,#e32221,3-4-2-1,ポゼッション,93,160,120,203
GER,BL,ボルシア・ドルトムント,ドルトムント,ドルトムント,#fde100,4-2-3-1,ハイプレス,87,140,160,249
GER,BL,アイントラハト・フランクフルト,フランクフルト,フランクフルト,#e1000f,3-4-2-1,ハイプレス,74,120,100,176
GER,BL,バイエルン・ミュンヘン,バイエルン,ミュンヘン,#dc052d,4-2-3-1,ポゼッション,91,140,160,272
GER,BL,フライブルク,フライブルク,フライブルク,#000000,3-4-2-1,ハイプレス,92,140,120,153
GER,BL,ホッフェンハイム,ホッフェンハイム,ジンスハイム,#005bac,3-4-2-1,サイド攻撃,95,140,120,166
GER,BL,ケルン,ケルン,ケルン,#ed1c24,4-2-3-1,ハイプレス,69,120,100,100
GER,BL,マインツ,マインツ,マインツ,#c8102e,3-4-2-1,ハイプレス,70,160,120,130
GER,BL,RBライプツィヒ,RBライプツィヒ,ライプツィヒ,#dd013f,4-2-2-2,ハイプレス,101,160,160,207
GER,BL,シュトゥットガルト,シュトゥットガルト,シュトゥットガルト,#e32221,4-2-3-1,ポゼッション,79,160,120,138
GER,BL,ヴェルダー・ブレーメン,ブレーメン,ブレーメン,#1d9053,3-5-2,サイド攻撃,60,160,100,48
GER,BL,ヴォルフスブルク,ヴォルフスブルク,ヴォルフスブルク,#65b32e,4-2-3-1,バランス,80,120,120,173
GER,BL,ハンブルガーSV,ハンブルク,ハンブルク,#005aaa,4-3-3,ポゼッション,78,160,100,134
GER,BL,ヘルタ・ベルリン,ヘルタ,ベルリン,#005aaa,4-2-3-1,ポゼッション,68,160,120,100
GER,BL,カイザースラウテルン,カイザースラウテルン,カイザースラウテルン,#d71920,4-2-3-1,堅守速攻,64,120,80,120
GER,BL,カールスルーエ,カールスルーエ,カールスルーエ,#005aaa,4-2-3-1,サイド攻撃,62,120,100,90
GER,BL,シャルケ04,シャルケ,ゲルゼンキルヒェン,#004b93,4-2-3-1,サイド攻撃,72,160,160,31
GER,BL2,ボーフム,ボーフム,ボーフム,#005ca9,4-2-3-1,堅守速攻,48,100,100,78
GER,BL2,ボルシアMG,ボルシアMG,メンヒェングラートバッハ,#000000,4-2-3-1,バランス,65,120,100,148
GER,BL2,ダルムシュタット,ダルムシュタット,ダルムシュタット,#005bac,3-5-2,堅守速攻,53,80,60,108
GER,BL2,ハイデンハイム,ハイデンハイム,ハイデンハイム,#005bac,4-2-3-1,堅守速攻,44,80,60,60
GER,BL2,ウニオン・ベルリン,ウニオン,ベルリン,#e30613,3-5-2,堅守速攻,42,100,60,17
GER,BL2,ブラウンシュヴァイク,ブラウンシュヴァイク,ブラウンシュヴァイク,#f8d000,4-2-3-1,堅守速攻,47,80,60,30
GER,BL2,エルフェルスベルク,エルフェルスベルク,シュピーゼン＝エルフェルスベルク,#000000,4-3-3,ハイプレス,32,60,20,41
GER,BL2,フォルトゥナ・デュッセルドルフ,デュッセルドルフ,デュッセルドルフ,#e30613,4-2-3-1,サイド攻撃,51,100,80,30
GER,BL2,グロイター・フュルト,フュルト,フュルト,#00843d,3-4-2-1,バランス,57,120,80,30
GER,BL2,ハノーファー96,ハノーファー,ハノーファー,#00843d,4-2-3-1,バランス,54,120,100,90
GER,BL2,ハンザ・ロストック,ロストック,ロストック,#005aaa,4-2-3-1,堅守速攻,61,120,80,30
GER,BL2,ホルシュタイン・キール,キール,キール,#005aaa,3-4-2-1,バランス,53,80,60,78
GER,BL2,マクデブルク,マクデブルク,マクデブルク,#005aaa,4-3-3,ポゼッション,48,80,60,60
GER,BL2,ニュルンベルク,ニュルンベルク,ニュルンベルク,#8b0000,4-2-3-1,バランス,62,120,100,13
GER,BL2,オスナブリュック,オスナブリュック,オスナブリュック,#6f2c91,4-4-2,堅守速攻,45,80,60,60
GER,BL2,パーダーボルン,パーダーボルン,パーダーボルン,#005aaa,4-2-3-1,サイド攻撃,54,100,60,60
GER,BL2,ザンクトパウリ,ザンクトパウリ,ハンブルク,#7a4a2b,3-4-2-1,ハイプレス,56,100,80,78
GER,BL2,ヴェーエン・ヴィースバーデン,ヴィースバーデン,ヴィースバーデン,#d71920,3-4-2-1,堅守速攻,47,80,40,35
GRE,GRE1,オリンピアコス,オリンピアコス,ピレウス,#1565c0,4-3-3,バランス,68,160,120,156
GRE,GRE1,パナシナイコス,パナシナイコス,アテネ,#1565c0,4-2-3-1,ポゼッション,60,160,120,138
GRE,GRE1,AEKアテネ,AEK,アテネ,#1565c0,4-4-2,堅守速攻,62,160,120,145
GRE,GRE1,PAOK,PAOK,テッサロニキ,#1565c0,3-5-2,ハイプレス,74,160,120,138
GRE,GRE1,アリス,アリス,テッサロニキ,#1565c0,4-3-3,バランス,51,120,100,100
GRE,GRE1,アステラス・トリポリス,アステラス,トリポリ,#1565c0,4-2-3-1,ポゼッション,40,100,80,60
GRE,GRE1,OFIクレタ,OFI,イラクリオン,#1565c0,4-4-2,堅守速攻,40,100,80,60
GRE,GRE1,アトロミトス,アトロミトス,アテネ,#1565c0,3-5-2,ハイプレス,39,80,80,30
GRE,GRE1,パネトリコス,パネトリコス,アグリニオ,#1565c0,4-3-3,バランス,34,60,60,20
GRE,GRE1,PASヤニナ,PASヤニナ,ヨアニナ,#1565c0,4-2-3-1,ポゼッション,42,80,60,20
GRE,GRE1,ラミア,ラミア,ラミア,#1565c0,4-4-2,堅守速攻,37,60,60,15
GRE,GRE1,ヴォロスNFC,ヴォロス,ヴォロス,#1565c0,3-5-2,ハイプレス,41,80,60,30
GRE,GRE1,キフィシア,キフィシア,キフィシア,#1565c0,4-3-3,バランス,40,60,60,20
GRE,GRE1,パンセライコス,パンセライコス,セレス,#1565c0,4-2-3-1,ポゼッション,32,60,60,21
ITA,SA,アタランタ,アタランタ,ベルガモ,#0057b8,3-4-2-1,ハイプレス,93,160,160,173
ITA,SA,ボローニャ,ボローニャ,ボローニャ,#d71920,4-2-3-1,バランス,93,160,120,160
ITA,SA,カリアリ,カリアリ,カリアリ,#a71930,4-4-2,堅守速攻,80,120,100,130
ITA,SA,エンポリ,エンポリ,エンポリ,#005baa,4-3-1-2,バランス,67,80,120,138
ITA,SA,フィオレンティーナ,フィオレンティーナ,フィレンツェ,#5526b9,4-2-3-1,ポゼッション,105,180,160,170
ITA,SA,ジェノア,ジェノア,ジェノヴァ,#a71930,3-5-2,堅守速攻,77,160,120,148
ITA,SA,エラス・ヴェローナ,ヴェローナ,ヴェローナ,#ffd100,3-4-2-1,堅守速攻,64,100,100,126
ITA,SA,インテル,インテル,ミラノ,#0057b8,3-5-2,バランス,89,140,160,191
ITA,SA,ユヴェントス,ユヴェントス,トリノ,#000000,3-5-2,堅守速攻,94,140,120,249
ITA,SA,ラツィオ,ラツィオ,ローマ,#87ceeb,4-3-3,ポゼッション,87,140,160,183
ITA,SA,ミラン,ミラン,ミラノ,#fb090b,4-2-3-1,ハイプレス,85,140,160,196
ITA,SA,ナポリ,ナポリ,ナポリ,#12a0d7,4-3-3,ポゼッション,103,160,100,190
ITA,SA,ローマ,ローマ,ローマ,#8e1f2f,3-4-2-1,堅守速攻,101,140,160,178
ITA,SA,サッスオーロ,サッスオーロ,サッスオーロ,#00a651,4-2-3-1,ポゼッション,62,100,160,151
ITA,SA,トリノ,トリノ,トリノ,#7a263a,3-4-2-1,堅守速攻,74,120,120,156
ITA,SA,ブレシア,ブレシア,ブレシア,#0057b8,4-3-1-2,バランス,60,120,100,108
ITA,SA,コゼンツァ,コゼンツァ,コゼンツァ,#003b79,4-2-3-1,堅守速攻,59,100,60,60
ITA,SA,クレモネーゼ,クレモネーゼ,クレモナ,#a71930,3-5-2,バランス,85,160,80,130
ITA,SA,パルマ,パルマ,パルマ,#ffcc00,4-2-3-1,サイド攻撃,80,160,100,141
ITA,SA,サンプドリア,サンプドリア,ジェノヴァ,#005bac,4-3-3,ポゼッション,78,140,100,130
ITA,SB,フロジノーネ,フロジノーネ,フロジノーネ,#ffdd00,4-3-3,サイド攻撃,54,100,100,120
ITA,SB,レッチェ,レッチェ,レッチェ,#e30613,4-3-3,サイド攻撃,61,120,100,141
ITA,SB,モンツァ,モンツァ,モンツァ,#ed1c24,3-4-2-1,バランス,48,80,60,148
ITA,SB,サレルニターナ,サレルニターナ,サレルノ,#7a263a,3-5-2,堅守速攻,59,100,80,145
ITA,SB,ウディネーゼ,ウディネーゼ,ウディネ,#000000,3-5-2,サイド攻撃,56,120,100,145
ITA,SB,アスコリ,アスコリ,アスコリ・ピチェーノ,#000000,4-3-1-2,バランス,49,100,60,78
ITA,SB,バーリ,バーリ,バーリ,#e30613,4-3-3,サイド攻撃,54,80,80,100
ITA,SB,カタンザーロ,カタンザーロ,カタンザーロ,#f7d000,4-4-2,バランス,40,100,60,60
ITA,SB,チッタデッラ,チッタデッラ,チッタデッラ,#8b0000,4-3-1-2,堅守速攻,41,60,60,78
ITA,SB,コモ,コモ,コモ,#004b93,4-2-3-1,ポゼッション,59,80,80,126
ITA,SB,フェラルピサロ,フェラルピサロ,サロ,#006747,4-3-3,堅守速攻,35,40,60,23
ITA,SB,レッコ,レッコ,レッコ,#005bac,4-4-2,堅守速攻,32,40,40,30
ITA,SB,モデナ,モデナ,モデナ,#f8d000,4-3-1-2,バランス,41,60,60,60
ITA,SB,パレルモ,パレルモ,パレルモ,#f5a3b7,4-2-3-1,ポゼッション,64,120,80,90
ITA,SB,ピサ,ピサ,ピサ,#003b79,4-3-1-2,バランス,41,80,60,100
ITA,SB,レッジャーナ,レッジャーナ,レッジョ・エミリア,#8b0000,4-3-3,堅守速攻,48,80,60,60
ITA,SB,スペツィア,スペツィア,ラ・スペツィア,#000000,3-5-2,堅守速攻,53,80,100,134
ITA,SB,ズュートティロール,ズュートティロール,ボルツァーノ,#d71920,4-4-2,堅守速攻,59,120,60,60
ITA,SB,テルナーナ,テルナーナ,テルニ,#00843d,3-5-2,バランス,45,100,60,60
ITA,SB,ヴェネツィア,ヴェネツィア,ヴェネツィア,#f36c21,4-3-3,ポゼッション,44,80,60,90
NED,NED1,アヤックス,アヤックス,アムステルダム,#d71920,4-3-3,バランス,94,140,160,226
NED,NED1,アルメレ・シティ,アルメレ,アルメレ,#d71920,4-2-3-1,ポゼッション,59,80,80,90
NED,NED1,AZ,AZ,アルクマール,#d71920,4-4-2,堅守速攻,77,140,140,164
NED,NED1,エクセルシオール,エクセルシオール,ロッテルダム,#d71920,3-5-2,ハイプレス,48,80,80,30
NED,NED1,FCユトレヒト,ユトレヒト,ユトレヒト,#d71920,4-2-3-1,ポゼッション,83,160,120,145
NED,NED1,FCフォレンダム,フォレンダム,フォレンダム,#d71920,4-4-2,堅守速攻,53,80,100,60
NED,NED1,フェイエノールト,フェイエノールト,ロッテルダム,#d71920,3-5-2,ハイプレス,87,160,160,160
NED,NED1,フォルトゥナ・シッタート,シッタート,シッタート,#d71920,4-3-3,バランス,62,80,80,78
NED,NED1,NECナイメヘン,NEC,ナイメヘン,#d71920,3-5-2,ハイプレス,59,100,100,90
NED,NED1,PECズウォレ,ズウォレ,ズウォレ,#d71920,4-3-3,バランス,53,100,100,60
NED,NED1,PSV,PSV,アイントホーフェン,#d71920,4-2-3-1,ポゼッション,81,140,160,205
NED,NED1,ヘーレンフェーン,ヘーレンフェーン,ヘーレンフェーン,#d71920,3-5-2,ハイプレス,63,100,100,100
NED,NED1,フィテッセ,フィテッセ,アーネム,#d71920,4-2-3-1,ポゼッション,72,140,120,126
NED,NED1,FCアイントホーフェン,FCアイントホーフェン,アイントホーフェン,#d71920,4-4-2,堅守速攻,46,80,60,25
NED,NED1,FCフローニンゲン,フローニンゲン,フローニンゲン,#d71920,4-3-3,バランス,70,160,120,100
NED,NED1,ローダJC,ローダJC,ケルクラーデ,#d71920,4-3-3,バランス,61,100,80,30
NED,NED1,VVVフェンロ,VVV,フェンロ,#d71920,4-3-3,バランス,60,100,100,78
NED,NED1,ヴィレムII,ヴィレムII,ティルブルフ,#d71920,4-2-3-1,ポゼッション,58,120,120,78
NED,NED2,FCトゥウェンテ,トゥウェンテ,エンスヘデ,#d71920,4-3-3,バランス,54,120,100,134
NED,NED2,ゴー・アヘッド・イーグルス,GAイーグルス,デーフェンテル,#d71920,4-2-3-1,ポゼッション,43,60,80,78
NED,NED2,ヘラクレス・アルメロ,ヘラクレス,アルメロ,#d71920,4-4-2,堅守速攻,41,100,10,60
NED,NED2,RKCワールワイク,RKC,ワールワイク,#d71920,4-4-2,堅守速攻,38,80,80,30
NED,NED2,スパルタ・ロッテルダム,スパルタ,ロッテルダム,#d71920,4-3-3,バランス,49,100,100,78
NED,NED2,ADOデン・ハーグ,ADO,デン・ハーグ,#d71920,4-4-2,堅守速攻,42,100,100,41
NED,NED2,デ・フラーフスハップ,デ・フラーフスハップ,ドゥーティンヘム,#d71920,3-5-2,ハイプレス,44,80,80,90
NED,NED2,FCデン・ボス,デン・ボス,デン・ボス,#d71920,4-3-3,バランス,33,60,60,29
NED,NED2,FCドルトレヒト,ドルトレヒト,ドルトレヒト,#d71920,4-2-3-1,ポゼッション,35,60,60,13
NED,NED2,FCエメン,エメン,エメン,#d71920,3-5-2,ハイプレス,35,60,60,30
NED,NED2,ヘルモント・スポルト,ヘルモント,ヘルモント,#d71920,4-2-3-1,ポゼッション,32,60,10,33
NED,NED2,MVVマーストリヒト,MVV,マーストリヒト,#d71920,4-4-2,堅守速攻,41,60,60,24
NED,NED2,NACブレダ,NAC,ブレダ,#d71920,3-5-2,ハイプレス,60,120,80,60
NED,NED2,SCカンブール,カンブール,レーワルデン,#d71920,4-2-3-1,ポゼッション,43,80,60,60
NED,NED2,テルスター,テルスター,フェルセン,#d71920,4-4-2,堅守速攻,33,60,60,24
NED,NED2,TOPオス,TOPオス,オス,#d71920,3-5-2,ハイプレス,37,60,10,20
NOR,NOR1,ボデ/グリムト,ボデ/グリムト,ボデ,#d71920,4-3-3,バランス,65,160,120,156
NOR,NOR1,モルデ,モルデ,モルデ,#d71920,4-2-3-1,ポゼッション,70,160,120,130
NOR,NOR1,ローゼンボリ,ローゼンボリ,トロンハイム,#d71920,4-4-2,堅守速攻,57,120,120,120
NOR,NOR1,ブラン,ブラン,ベルゲン,#d71920,3-5-2,ハイプレス,50,120,100,100
NOR,NOR1,ヴァイキング,ヴァイキング,スタヴァンゲル,#d71920,4-3-3,バランス,43,100,100,90
NOR,NOR1,リレストロム,リレストロム,リレストロム,#d71920,4-2-3-1,ポゼッション,46,100,80,78
NOR,NOR1,オッド,オッド,シーエン,#d71920,4-4-2,堅守速攻,41,80,80,30
NOR,NOR1,サルプスボルグ08,サルプスボルグ,サルプスボルグ,#d71920,3-5-2,ハイプレス,46,80,80,60
NOR,NOR1,ストレームスゴトセト,ストレームスゴトセト,ドランメン,#d71920,4-3-3,バランス,40,80,80,30
NOR,NOR1,トロムソ,トロムソ,トロムソ,#d71920,4-2-3-1,ポゼッション,44,100,80,60
NOR,NOR1,ハムカム,ハムカム,ハーマル,#d71920,4-4-2,堅守速攻,33,60,60,15
NOR,NOR1,ハウゲスン,ハウゲスン,ハウゲスン,#d71920,3-5-2,ハイプレス,32,80,60,20
NOR,NOR1,サンデフィヨルド,サンデフィヨルド,サンデフィヨルド,#d71920,4-3-3,バランス,36,60,60,15
NOR,NOR1,スターベク,スターベク,ベールム,#d71920,4-2-3-1,ポゼッション,43,100,100,30
NOR,NOR1,オーレスン,オーレスン,オーレスン,#d71920,4-4-2,堅守速攻,38,60,60,21
NOR,NOR1,ヴォレレンガ,ヴォレレンガ,オスロ,#d71920,3-5-2,ハイプレス,51,120,120,78
POL,POL1,レギア・ワルシャワ,レギア,ワルシャワ,#d71920,4-4-2,堅守速攻,58,120,120,126
POL,POL1,ラクフ・チェンストホヴァ,ラクフ,チェンストホヴァ,#d71920,3-5-2,ハイプレス,66,160,120,120
POL,POL1,レフ・ポズナン,レフ,ポズナン,#d71920,4-3-3,バランス,56,120,120,120
POL,POL1,ポゴニ・シュチェチン,ポゴニ,シュチェチン,#d71920,4-2-3-1,ポゼッション,47,100,100,90
POL,POL1,ヤギエロニア・ビャウィストク,ヤギエロニア,ビャウィストク,#d71920,4-4-2,堅守速攻,41,100,80,78
POL,POL1,グールニク・ザブジェ,グールニク,ザブジェ,#d71920,3-5-2,ハイプレス,41,80,80,60
POL,POL1,ヴィジェフ・ウッチ,ヴィジェフ,ウッチ,#d71920,4-3-3,バランス,41,100,80,60
POL,POL1,ヴィスワ・プウォツク,ヴィスワP,プウォツク,#d71920,4-2-3-1,ポゼッション,40,80,60,30
POL,POL1,シロンスク・ヴロツワフ,シロンスク,ヴロツワフ,#d71920,4-4-2,堅守速攻,43,80,80,60
POL,POL1,クラコヴィア,クラコヴィア,クラクフ,#d71920,3-5-2,ハイプレス,44,80,80,30
POL,POL1,ピアスト・グリヴィツェ,ピアスト,グリヴィツェ,#d71920,4-3-3,バランス,38,80,80,30
POL,POL1,ラドミャク・ラドム,ラドミャク,ラドム,#d71920,4-2-3-1,ポゼッション,39,60,60,20
POL,POL1,スタル・ミェレツ,スタル,ミェレツ,#d71920,4-4-2,堅守速攻,34,60,60,15
POL,POL1,ザグウェンビェ・ルビン,ザグウェンビェ,ルビン,#d71920,3-5-2,ハイプレス,45,100,100,30
POL,POL1,ルフ・ホジュフ,ルフ,ホジュフ,#d71920,4-3-3,バランス,51,80,60,21
POL,POL1,コロナ・キェルツェ,コロナ,キェルツェ,#d71920,4-2-3-1,ポゼッション,34,60,60,21
POL,POL1,プシュチャ・ニエポウォミツェ,プシュチャ,ニエポウォミツェ,#d71920,4-4-2,堅守速攻,37,60,60,19
POL,POL1,ŁKSウッチ,ŁKS,ウッチ,#d71920,3-5-2,ハイプレス,36,80,60,20
POR,POR1,ボアヴィスタ,ボアヴィスタ,ポルト,#d71920,3-5-2,ハイプレス,45,120,100,49
POR,POR1,デスポルティーヴォ・シャヴェス,シャヴェス,シャヴェス,#d71920,4-4-2,堅守速攻,59,100,80,60
POR,POR1,エストリル・プライア,エストリル,エストリル,#d71920,3-5-2,ハイプレス,55,100,100,78
POR,POR1,ファマリカン,ファマリカン,ファマリカン,#d71920,4-3-3,バランス,56,100,100,78
POR,POR1,FCポルト,ポルト,ポルト,#d71920,4-2-3-1,ポゼッション,72,160,160,126
POR,POR1,ベンフィカ,ベンフィカ,リスボン,#d71920,4-4-2,堅守速攻,93,200,140,201
POR,POR1,ブラガ,ブラガ,ブラガ,#d71920,3-5-2,ハイプレス,71,140,160,141
POR,POR1,ファレンセ,ファレンセ,ファロ,#d71920,4-3-3,バランス,62,100,60,23
POR,POR1,スポルティングCP,スポルティング,リスボン,#d71920,4-2-3-1,ポゼッション,89,200,140,153
POR,POR1,ヴィトーリア・ギマランイス,ギマランイス,ギマランイス,#d71920,4-4-2,堅守速攻,57,160,120,90
POR,POR1,アカデミコ・ヴィゼウ,ヴィゼウ,ヴィゼウ,#d71920,4-3-3,バランス,56,100,60,90
POR,POR1,AVS,AVS,ヴィラ・ダス・アヴェス,#d71920,4-2-3-1,ポゼッション,55,100,80,17
POR,POR1,ベレネンセス,ベレネンセス,リスボン,#d71920,4-4-2,堅守速攻,46,120,120,36
POR,POR1,フェイレンセ,フェイレンセ,サンタ・マリア・ダ・フェイラ,#d71920,4-2-3-1,ポゼッション,65,160,100,17
POR,POR1,ナシオナル・マデイラ,ナシオナル,フンシャル,#d71920,4-4-2,堅守速攻,66,120,100,30
POR,POR1,パソス・デ・フェレイラ,パソス,パソス・デ・フェレイラ,#d71920,3-5-2,ハイプレス,53,120,100,60
POR,POR1,トンデラ,トンデラ,トンデラ,#d71920,3-5-2,ハイプレス,53,100,100,21
POR,POR1,トレエンセ,トレエンセ,トーレス・ヴェドラス,#d71920,4-3-3,バランス,57,100,80,24
POR,POR2,アロウカ,アロウカ,アロウカ,#d71920,4-4-2,堅守速攻,45,100,60,20
POR,POR2,カーザ・ピア,カーザ・ピア,リスボン,#d71920,4-3-3,バランス,44,60,80,19
POR,POR2,エストレラ・アマドーラ,エストレラ,アマドーラ,#d71920,4-2-3-1,ポゼッション,38,60,80,27
POR,POR2,ジル・ヴィセンテ,ジル・ヴィセンテ,バルセロス,#d71920,4-4-2,堅守速攻,49,100,80,30
POR,POR2,モレイレンセ,モレイレンセ,モレイラ・デ・コネゴス,#d71920,3-5-2,ハイプレス,42,100,80,30
POR,POR2,ポルティモネンセ,ポルティモネンセ,ポルティマン,#d71920,4-3-3,バランス,51,100,80,60
POR,POR2,リオ・アヴェ,リオ・アヴェ,ヴィラ・ド・コンデ,#d71920,4-2-3-1,ポゼッション,39,100,100,15
POR,POR2,ヴィゼラ,ヴィゼラ,ヴィゼラ,#d71920,3-5-2,ハイプレス,59,120,100,28
POR,POR2,マリティモ,マリティモ,フンシャル,#d71920,3-5-2,ハイプレス,53,120,100,60
POR,POR2,FCポルトB,ポルトB,ポルト,#d71920,4-3-3,バランス,29,10,10,26
POR,POR2,ヴィラヴェルデンセ,ヴィラヴェルデンセ,ヴィラ・ヴェルデ,#d71920,4-4-2,堅守速攻,44,80,60,34
POR,POR2,レイリア,レイリア,レイリア,#d71920,3-5-2,ハイプレス,54,120,80,26
POR,POR2,レイションイス,レイションイス,マトジニョス,#d71920,4-3-3,バランス,40,100,80,30
POR,POR2,マフラ,マフラ,マフラ,#d71920,4-2-3-1,ポゼッション,40,80,80,30
POR,POR2,ペナフィエル,ペナフィエル,ペナフィエル,#d71920,4-3-3,バランス,37,100,80,12
POR,POR2,サンタ・クララ,サンタ・クララ,ポンタ・デルガダ,#d71920,4-2-3-1,ポゼッション,42,80,60,60
POR,POR2,ベンフィカB,ベンフィカB,リスボン,#d71920,4-4-2,堅守速攻,27,10,10,30
POR,POR2,オリヴェイレンセ,オリヴェイレンセ,オリヴェイラ・デ・アゼメイス,#d71920,4-2-3-1,ポゼッション,38,80,60,28
ROU,ROU1,CFRクルジュ,CFRクルジュ,クルジュ＝ナポカ,#7a003c,4-3-3,堅守速攻,51,120,60,128
ROU,ROU1,FCSB,FCSB,ブカレスト,#d71920,4-2-3-1,ハイプレス,49,120,80,118
ROU,ROU1,ラピド・ブカレスト,ラピド,ブカレスト,#7a003c,4-3-3,バランス,44,120,40,70
ROU,ROU1,ウニヴェルシタテア・クラヨーヴァ,Uクラヨーヴァ,クラヨーヴァ,#005baa,4-2-3-1,ポゼッション,55,120,100,141
ROU,ROU1,ファルル・コンスタンツァ,ファルル,コンスタンツァ,#005baa,4-3-3,ハイプレス,54,120,180,108
ROU,ROU1,セプシOSK,セプシ,スフントゥ・ゲオルゲ,#d71920,4-4-2,堅守速攻,45,120,100,88
ROU,ROU1,ウニヴェルシタテア・クルジュ,Uクルジュ,クルジュ＝ナポカ,#111111,4-2-3-1,バランス,36,80,20,30
ROU,ROU1,ペトロルル・プロイェシュティ,ペトロルル,プロイェシュティ,#f4c542,4-4-2,堅守速攻,33,40,60,78
ROU,ROU1,ヘルマンシュタット,ヘルマンシュタット,シビウ,#d71920,4-3-3,バランス,47,60,80,73
ROU,ROU1,UTAアラド,UTAアラド,アラド,#d71920,4-2-3-1,堅守速攻,33,60,60,78
ROU,ROU1,オツェルル・ガラツィ,オツェルル,ガラツィ,#d71920,4-4-2,堅守速攻,32,40,40,42
ROU,ROU1,FCヴォルンタリ,ヴォルンタリ,ヴォルンタリ,#7a003c,4-3-3,バランス,38,100,80,78
ROU,ROU1,ポリ・ヤシ,ポリ・ヤシ,ヤシ,#005baa,4-2-3-1,堅守速攻,40,60,60,70
ROU,ROU1,ディナモ・ブカレスト,ディナモB,ブカレスト,#d71920,4-4-2,ハイプレス,38,100,100,29
ROU,ROU1,FC Uクラヨーヴァ1948,FCUクラヨーヴァ,クラヨーヴァ,#005baa,4-3-3,バランス,41,80,80,60
ROU,ROU1,ボトシャニ,ボトシャニ,ボトシャニ,#d71920,4-2-3-1,堅守速攻,38,60,80,70
RUS,RUS1,ゼニト・サンクトペテルブルク,ゼニト,サンクトペテルブルク,#6bb6ff,4-3-3,ポゼッション,79,200,120,141
RUS,RUS1,スパルタク・モスクワ,スパルタク,モスクワ,#d71920,4-2-3-1,ハイプレス,55,120,120,140
RUS,RUS1,クラスノダール,クラスノダール,クラスノダール,#00843d,4-3-3,バランス,76,160,160,162
RUS,RUS1,CSKAモスクワ,CSKA,モスクワ,#d71920,4-2-3-1,堅守速攻,48,100,120,90
RUS,RUS1,ロコモティフ・モスクワ,ロコモティフ,モスクワ,#00843d,4-4-2,バランス,58,100,120,140
RUS,RUS1,ディナモ・モスクワ,ディナモM,モスクワ,#005baa,4-3-3,ハイプレス,65,140,160,145
RUS,RUS1,ロストフ,ロストフ,ロストフ・ナ・ドヌ,#f4c542,4-2-3-1,バランス,54,120,100,113
RUS,RUS1,ルビン・カザン,ルビン,カザン,#7a003c,4-4-2,堅守速攻,40,60,100,100
RUS,RUS1,クリリヤ・ソヴェトフ,クリリヤ,サマーラ,#005baa,4-3-3,ポゼッション,60,140,80,104
RUS,RUS1,ウラル,ウラル,エカテリンブルク,#f58220,4-2-3-1,堅守速攻,52,100,80,100
RUS,RUS1,アフマト・グロズヌイ,アフマト,グロズヌイ,#00843d,4-4-2,堅守速攻,54,100,100,106
RUS,RUS1,パリNN,パリNN,ニジニ・ノヴゴロド,#005baa,4-3-3,バランス,50,80,80,100
RUS,RUS1,ファケル・ヴォロネジ,ファケル,ヴォロネジ,#005baa,4-2-3-1,堅守速攻,33,40,60,34
RUS,RUS1,バルチカ・カリーニングラード,バルチカ,カリーニングラード,#005baa,4-4-2,バランス,41,80,100,60
RUS,RUS1,オレンブルク,オレンブルク,オレンブルク,#005baa,4-3-3,ハイプレス,61,100,100,106
RUS,RUS1,ソチ,ソチ,ソチ,#111111,4-2-3-1,バランス,43,80,40,128
SCO,SCO1,アバディーン,アバディーン,アバディーン,#1565c0,4-4-2,堅守速攻,45,120,120,78
SCO,SCO1,セルティック,セルティック,グラスゴー,#1565c0,3-5-2,ハイプレス,77,160,120,222
SCO,SCO1,ハーツ,ハーツ,エディンバラ,#1565c0,4-2-3-1,ポゼッション,57,160,120,90
SCO,SCO1,ハイバーニアン,ハイバーニアン,エディンバラ,#1565c0,4-4-2,堅守速攻,65,160,160,115
SCO,SCO1,マザーウェル,マザーウェル,マザーウェル,#1565c0,4-2-3-1,ポゼッション,51,80,120,100
SCO,SCO1,レンジャーズ,レンジャーズ,グラスゴー,#1565c0,4-4-2,堅守速攻,65,160,120,134
SCO,SCO1,ロス・カウンティ,ロス・カウンティ,ディングウォール,#1565c0,3-5-2,ハイプレス,41,120,100,21
SCO,SCO1,セント・ジョンストン,セント・ジョンストン,パース,#1565c0,4-3-3,バランス,43,100,80,90
SCO,SCO1,ダンディー・ユナイテッド,ダンディーU,ダンディー,#1565c0,4-2-3-1,ポゼッション,49,120,80,30
SCO,SCO1,グリーノック・モートン,モートン,グリーノック,#1565c0,3-5-2,ハイプレス,39,100,80,29
SCO,SCO1,クイーンズ・パーク,クイーンズP,グラスゴー,#1565c0,4-4-2,堅守速攻,41,120,100,78
SCO,SCO1,レイス・ローヴァーズ,レイス,カークカルディ,#1565c0,3-5-2,ハイプレス,49,120,100,31
SCO,SCO2,ダンディー,ダンディー,ダンディー,#1565c0,4-3-3,バランス,33,100,80,13
SCO,SCO2,キルマーノック,キルマーノック,キルマーノック,#1565c0,3-5-2,ハイプレス,43,100,100,30
SCO,SCO2,リヴィングストン,リヴィングストン,リヴィングストン,#1565c0,4-3-3,バランス,37,60,20,60
SCO,SCO2,セント・ミレン,セント・ミレン,ペイズリー,#1565c0,4-2-3-1,ポゼッション,41,100,100,78
SCO,SCO2,エアドリーオニアンズ,エアドリー,エアドリー,#1565c0,4-4-2,堅守速攻,32,60,80,20
SCO,SCO2,アーブロース,アーブロース,アーブロース,#1565c0,3-5-2,ハイプレス,23,20,10,15
SCO,SCO2,エア・ユナイテッド,エア,エア,#1565c0,4-3-3,バランス,26,40,80,21
SCO,SCO2,ダンファームリン・アスレティック,ダンファームリン,ダンファームリン,#1565c0,4-4-2,堅守速攻,30,80,80,31
SCO,SCO2,インヴァネスCT,インヴァネス,インヴァネス,#1565c0,4-3-3,バランス,40,80,80,26
SCO,SCO2,パーティック・シッスル,パーティック,グラスゴー,#1565c0,4-2-3-1,ポゼッション,39,100,100,28
SRB,SRB1,ツルヴェナ・ズヴェズダ,ズヴェズダ,ベオグラード,#d71920,4-3-3,ハイプレス,70,160,180,116
SRB,SRB1,パルチザン・ベオグラード,パルチザン,ベオグラード,#111111,4-2-3-1,ポゼッション,65,160,160,100
SRB,SRB1,TSCバチュカ・トポラ,TSC,バチュカ・トポラ,#005baa,4-3-3,バランス,68,160,140,123
SRB,SRB1,ヴォイヴォディナ,ヴォイヴォディナ,ノヴィ・サド,#d71920,4-4-2,堅守速攻,52,100,140,60
SRB,SRB1,チュカリチュキ,チュカリチュキ,ベオグラード,#111111,4-2-3-1,バランス,60,160,160,83
SRB,SRB1,ラドニチュキ1923,ラドニチュキ1923,クラグイェヴァツ,#d71920,4-3-3,ハイプレス,41,80,60,30
SRB,SRB1,ラドニチュキ・ニシュ,ラドニチュキN,ニシュ,#d71920,4-4-2,堅守速攻,38,100,40,19
SRB,SRB1,ヴォジュドヴァツ,ヴォジュドヴァツ,ベオグラード,#d71920,4-2-3-1,ポゼッション,51,160,160,51
SRB,SRB1,ムラドスト・ルチャニ,ムラドスト,ルチャニ,#005baa,4-4-2,堅守速攻,30,20,40,41
SRB,SRB1,IMTベオグラード,IMT,ベオグラード,#d71920,4-3-3,バランス,50,80,140,45
SRB,SRB1,ノヴィ・パザル,ノヴィ・パザル,ノヴィ・パザル,#005baa,4-2-3-1,堅守速攻,40,80,40,23
SRB,SRB1,ヤヴォル・イヴァニツァ,ヤヴォル,イヴァニツァ,#d71920,4-4-2,堅守速攻,33,10,10,17
SRB,SRB1,ジェレズニチャル・パンチェヴォ,ジェレズニチャル,パンチェヴォ,#006064,4-2-3-1,バランス,38,60,60,25
SRB,SRB1,ラドニク・スルドゥリツァ,ラドニク,スルドゥリツァ,#005baa,4-4-2,堅守速攻,45,60,80,29
SRB,SRB1,スパルタク・スボティツァ,スパルタク,スボティツァ,#005baa,4-3-3,バランス,45,100,100,33
SRB,SRB1,ナプレダク・クルシェヴァツ,ナプレダク,クルシェヴァツ,#d71920,4-2-3-1,堅守速攻,34,40,60,13
SUI,SUI1,ヤングボーイズ,ヤングボーイズ,ベルン,#d71920,4-3-3,バランス,61,160,120,160
SUI,SUI1,バーゼル,バーゼル,バーゼル,#d71920,4-2-3-1,ポゼッション,62,160,120,138
SUI,SUI1,チューリッヒ,チューリッヒ,チューリッヒ,#d71920,4-4-2,堅守速攻,51,120,100,108
SUI,SUI1,セルヴェット,セルヴェット,ジュネーヴ,#d71920,3-5-2,ハイプレス,54,100,100,100
SUI,SUI1,ルガーノ,ルガーノ,ルガーノ,#d71920,4-3-3,バランス,43,100,80,90
SUI,SUI1,ルツェルン,ルツェルン,ルツェルン,#d71920,4-2-3-1,ポゼッション,51,100,80,78
SUI,SUI1,ザンクト・ガレン,ザンクト・ガレン,ザンクト・ガレン,#d71920,4-4-2,堅守速攻,42,100,80,78
SUI,SUI1,グラスホッパー,グラスホッパー,チューリッヒ,#d71920,3-5-2,ハイプレス,49,100,100,60
SUI,SUI1,ローザンヌ・スポルト,ローザンヌ,ローザンヌ,#d71920,4-3-3,バランス,40,80,60,30
SUI,SUI1,イヴェルドン・スポルト,イヴェルドン,イヴェルドン,#d71920,4-2-3-1,ポゼッション,40,60,60,15
SUI,SUI1,ヴィンタートゥール,ヴィンタートゥール,ヴィンタートゥール,#d71920,4-4-2,堅守速攻,40,80,60,30
SUI,SUI1,スタッド・ローザンヌ・ウシー,ウシー,ローザンヌ,#d71920,3-5-2,ハイプレス,39,60,60,20
SWE,SWE1,マルメFF,マルメ,マルメ,#6bb6ff,4-3-3,ポゼッション,61,120,120,152
SWE,SWE1,BKヘッケン,ヘッケン,ヨーテボリ,#ffdd00,4-2-3-1,ハイプレス,49,140,160,62
SWE,SWE1,IFエルフスボリ,エルフスボリ,ボロース,#ffdd00,4-4-2,堅守速攻,64,140,120,110
SWE,SWE1,ユールゴーデンIF,ユールゴーデン,ストックホルム,#003b79,4-3-3,バランス,66,160,80,136
SWE,SWE1,ハンマルビーIF,ハンマルビー,ストックホルム,#00843d,4-2-3-1,ハイプレス,67,140,140,136
SWE,SWE1,AIKソルナ,AIK,ソルナ,#111111,4-4-2,堅守速攻,57,120,120,122
SWE,SWE1,IFKヨーテボリ,IFKヨーテボリ,ヨーテボリ,#005baa,4-3-3,バランス,41,100,100,66
SWE,SWE1,カルマルFF,カルマル,カルマル,#d71920,4-2-3-1,堅守速攻,40,100,120,19
SWE,SWE1,ミェルビーAIF,ミェルビー,ヘレヴィク,#f4c542,4-4-2,堅守速攻,45,100,100,26
SWE,SWE1,IFKヴェルナモ,ヴェルナモ,ヴェルナモ,#005baa,4-2-3-1,バランス,43,80,60,34
SWE,SWE1,ハルムスタッズBK,ハルムスタッド,ハルムスタッド,#003b79,4-4-2,堅守速攻,39,80,80,56
SWE,SWE1,IKシリウス,シリウス,ウプサラ,#005baa,4-3-3,ポゼッション,42,80,80,53
SWE,SWE1,IFKノルシェーピン,ノルシェーピン,ノルシェーピン,#f4c542,4-2-3-1,バランス,48,120,60,83
SWE,SWE1,IFブロマポイカルナ,ブロマポイカルナ,ストックホルム,#d71920,4-3-3,ハイプレス,44,120,140,20
SWE,SWE1,ヴェステロースSK,ヴェステロース,ヴェステロース,#00843d,4-4-2,堅守速攻,39,40,80,88
SWE,SWE1,GAIS,GAIS,ヨーテボリ,#00843d,4-2-3-1,バランス,46,60,100,95
TUR,TUR1,ガラタサライ,ガラタサライ,イスタンブール,#d71920,4-3-3,バランス,77,160,120,202
TUR,TUR1,フェネルバフチェ,フェネルバフチェ,イスタンブール,#d71920,4-2-3-1,ポゼッション,80,160,120,185
TUR,TUR1,ベシクタシュ,ベシクタシュ,イスタンブール,#d71920,4-4-2,堅守速攻,86,160,120,160
TUR,TUR1,トラブゾンスポル,トラブゾン,トラブゾン,#d71920,3-5-2,ハイプレス,58,120,100,138
TUR,TUR1,バシャクシェヒル,バシャクシェヒル,イスタンブール,#d71920,4-3-3,バランス,67,120,100,130
TUR,TUR1,アダナ・デミルスポル,アダナDS,アダナ,#d71920,4-2-3-1,ポゼッション,61,100,80,120
TUR,TUR1,カスムパシャ,カスムパシャ,イスタンブール,#d71920,4-4-2,堅守速攻,47,100,80,90
TUR,TUR1,シヴァススポル,シヴァス,シヴァス,#d71920,3-5-2,ハイプレス,50,80,80,78
TUR,TUR1,カイセリスポル,カイセリ,カイセリ,#d71920,4-3-3,バランス,41,80,80,78
TUR,TUR1,アンタルヤスポル,アンタルヤ,アンタルヤ,#d71920,4-2-3-1,ポゼッション,47,100,80,78
TUR,TUR1,コンヤスポル,コンヤ,コンヤ,#d71920,4-4-2,堅守速攻,52,80,80,78
TUR,TUR1,アランヤスポル,アランヤ,アランヤ,#d71920,3-5-2,ハイプレス,52,80,80,60
TUR,TUR1,リゼスポル,リゼ,リゼ,#d71920,4-3-3,バランス,50,80,80,60
TUR,TUR1,ガズィアンテプFK,ガズィアンテプ,ガズィアンテプ,#d71920,4-2-3-1,ポゼッション,45,60,60,60
TUR,TUR1,アンカラギュジュ,アンカラギュジュ,アンカラ,#d71920,4-4-2,堅守速攻,45,80,80,60
TUR,TUR1,サムスンスポル,サムスン,サムスン,#d71920,3-5-2,ハイプレス,54,100,80,78
TUR,TUR1,ハタイスポル,ハタイ,ハタイ,#d71920,4-3-3,バランス,41,60,60,30
TUR,TUR1,ファティ・カラギュムリュク,カラギュムリュク,イスタンブール,#d71920,4-2-3-1,ポゼッション,48,80,80,30
TUR,TUR1,ペンディクスポル,ペンディク,イスタンブール,#d71920,4-4-2,堅守速攻,37,60,60,20
TUR,TUR1,イスタンブールスポル,イスタンブールS,イスタンブール,#d71920,3-5-2,ハイプレス,43,60,60,15
UKR,UKR1,シャフタール・ドネツク,シャフタール,ドネツク,#f58220,4-3-3,ポゼッション,68,140,120,181
UKR,UKR1,ディナモ・キーウ,ディナモ・キーウ,キーウ,#005baa,4-2-3-1,ハイプレス,57,140,120,108
UKR,UKR1,ドニプロ-1,ドニプロ-1,ドニプロ,#005baa,4-3-3,バランス,62,140,120,149
UKR,UKR1,ゾリャ・ルハーンシク,ゾリャ,ルハーンシク,#111111,4-2-3-1,堅守速攻,50,140,80,45
UKR,UKR1,ヴォルスクラ・ポルタヴァ,ヴォルスクラ,ポルタヴァ,#00843d,4-4-2,堅守速攻,56,120,100,100
UKR,UKR1,クリフバス,クリフバス,クリヴィー・リフ,#d71920,4-3-3,バランス,46,80,60,108
UKR,UKR1,コロス・コヴァリフカ,コロス,コヴァリフカ,#f4c542,4-2-3-1,堅守速攻,46,100,100,38
UKR,UKR1,オレクサンドリヤ,オレクサンドリヤ,オレクサンドリヤ,#f4c542,4-4-2,バランス,55,120,80,100
UKR,UKR1,ルフ・リヴィウ,ルフ,リヴィウ,#111111,4-3-3,ハイプレス,48,120,140,42
UKR,UKR1,LNZチェルカースィ,LNZ,チェルカースィ,#7a003c,4-2-3-1,バランス,36,80,40,45
UKR,UKR1,オボロン・キーウ,オボロン,キーウ,#00843d,4-4-2,堅守速攻,36,20,20,60
UKR,UKR1,チョルノモレツ・オデーサ,チョルノモレツ,オデーサ,#005baa,4-3-3,バランス,36,40,100,45
UKR,UKR1,ポリッシャ・ジトーミル,ポリッシャ,ジトーミル,#00843d,4-2-3-1,ハイプレス,53,120,100,91
UKR,UKR1,ミナイ,ミナイ,ミナイ,#005baa,4-4-2,堅守速攻,38,80,60,42
UKR,UKR1,ヴェレス・リウネ,ヴェレス,リウネ,#d71920,4-2-3-1,バランス,44,100,100,70
UKR,UKR1,メタリスト1925,メタリスト1925,ハルキウ,#f4c542,4-3-3,堅守速攻,31,60,40,27
CAN,CAN1,アトレティコ・オタワ,Aオタワ,オタワ,#d71920,4-3-3,バランス,46,120,100,22
CAN,CAN1,キャバルリーFC,キャバルリー,カルガリー,#d71920,4-2-3-1,ポゼッション,54,120,100,29
CAN,CAN1,フォージFC,フォージ,ハミルトン,#d71920,4-4-2,堅守速攻,37,80,100,28
CAN,CAN1,ハリファックス・ワンダラーズ,ハリファックス,ハリファックス,#d71920,3-5-2,ハイプレス,37,60,40,26
CAN,CAN1,パシフィックFC,パシフィック,ラングフォード,#d71920,4-3-3,バランス,48,120,80,27
CAN,CAN1,ヴァラーFC,ヴァラー,ウィニペグ,#d71920,4-2-3-1,ポゼッション,41,120,80,23
CAN,CAN1,バンクーバーFC,バンクーバーFC,ラングリー,#d71920,4-4-2,堅守速攻,27,10,10,17
CAN,CAN1,ヨーク・ユナイテッド,ヨークU,トロント,#d71920,3-5-2,ハイプレス,39,100,80,22
CRC,CRC1,アラフエレンセ,アラフエレンセ,アラフエラ,#d71920,4-3-3,バランス,50,160,120,24
CRC,CRC1,カルタヒネス,カルタヒネス,カルタゴ,#d71920,4-2-3-1,ポゼッション,38,100,80,23
CRC,CRC1,グアナカステカ,グアナカステカ,ニコヤ,#d71920,4-4-2,堅守速攻,34,80,80,14
CRC,CRC1,エレディアーノ,エレディアーノ,エレディア,#d71920,3-5-2,ハイプレス,39,80,80,23
CRC,CRC1,リベリア,リベリア,リベリア,#d71920,4-3-3,バランス,35,80,60,24
CRC,CRC1,ムニシパル・グレシア,グレシア,グレシア,#d71920,4-2-3-1,ポゼッション,29,40,40,14
CRC,CRC1,ペレス・セレドン,ペレス・セレドン,サン・イシドロ,#d71920,4-4-2,堅守速攻,33,60,60,29
CRC,CRC1,プンタレナスFC,プンタレナス,プンタレナス,#d71920,3-5-2,ハイプレス,40,60,60,30
CRC,CRC1,サン・カルロス,サン・カルロス,シウダー・ケサダ,#d71920,4-3-3,バランス,36,80,40,17
CRC,CRC1,サントス・デ・グアピレス,サントスCRC,グアピレス,#d71920,4-2-3-1,ポゼッション,32,40,80,19
CRC,CRC1,サプリサ,サプリサ,サンホセ,#d71920,4-4-2,堅守速攻,50,120,120,22
CRC,CRC1,スポルティングFC,スポルティングCRC,サンホセ,#d71920,3-5-2,ハイプレス,37,80,80,17
MEX,MEX1,クラブ・アメリカ,アメリカ,メキシコシティ,#f5c400,4-2-3-1,ポゼッション,65,120,100,158
MEX,MEX1,アトレティコ・サン・ルイス,サン・ルイス,サン・ルイス・ポトシ,#c8102e,4-4-2,堅守速攻,57,80,60,130
MEX,MEX1,アトラス,アトラス,グアダラハラ,#d71920,4-2-3-1,バランス,63,160,100,126
MEX,MEX1,チーバス,チーバス,グアダラハラ,#d71920,4-3-3,ポゼッション,66,120,100,145
MEX,MEX1,クルス・アスル,クルス・アスル,メキシコシティ,#005eb8,4-2-3-1,ポゼッション,60,120,80,148
MEX,MEX1,FCフアレス,フアレス,シウダー・フアレス,#00843d,4-4-2,堅守速攻,51,80,60,126
MEX,MEX1,レオン,レオン,レオン,#00843d,4-3-3,ポゼッション,57,80,80,134
MEX,MEX1,モンテレイ,モンテレイ,モンテレイ,#0033a0,4-2-3-1,バランス,70,120,100,175
MEX,MEX1,ネカクサ,ネカクサ,アグアスカリエンテス,#d71920,4-4-2,バランス,57,100,80,126
MEX,MEX1,パチューカ,パチューカ,パチューカ,#0033a0,4-3-3,ハイプレス,73,160,120,126
MEX,MEX1,プーマスUNAM,プーマス,メキシコシティ,#002b7f,4-2-3-1,バランス,57,120,100,145
MEX,MEX1,ケレタロ,ケレタロ,ケレタロ,#111111,4-4-2,堅守速攻,52,60,60,120
MEX,MEX1,サントス・ラグナ,サントス・ラグナ,トレオン,#00843d,4-3-3,バランス,60,120,100,126
MEX,MEX1,ティグレス,ティグレス,サン・ニコラス,#f5c400,4-2-3-1,ポゼッション,73,100,80,183
MEX,MEX1,ティフアナ,ティフアナ,ティフアナ,#d71920,4-4-2,堅守速攻,50,80,60,138
MEX,MEX1,トルーカ,トルーカ,トルーカ,#d71920,4-2-3-1,バランス,56,100,80,138
MEX,MEX1,コヨーテス,コヨーテス,トラスカラ,#c8102e,4-4-2,堅守速攻,35,70,70,27
MEX,MEX1,モレリア,モレリア,モレリア,#d71920,4-2-3-1,ポゼッション,41,80,60,30
MEX,MEX2,マサトラン,マサトラン,マサトラン,#6f2c91,4-4-2,堅守速攻,34,60,70,126
MEX,MEX2,プエブラ,プエブラ,プエブラ,#005eb8,4-4-2,堅守速攻,35,80,80,10
MEX,MEX2,アレブリヘス,アレブリヘス,オアハカ,#f97316,4-4-2,堅守速攻,23,60,70,26
MEX,MEX2,アルテーニョス,アルテーニョス,テパティトラン,#d71920,4-4-2,堅守速攻,33,70,70,22
MEX,MEX2,アトレティコ・ラパス,ラパス,ラパス,#005eb8,4-4-2,堅守速攻,32,70,70,36
MEX,MEX2,アトランテ,アトランテ,メキシコシティ,#0033a0,4-2-3-1,バランス,28,60,60,24
MEX,MEX2,カンクン,カンクン,カンクン,#00a3e0,4-3-3,サイド攻撃,43,60,70,78
MEX,MEX2,セラヤ,セラヤ,セラヤ,#1f7a3a,4-2-3-1,バランス,37,80,60,60
MEX,MEX2,シマロネス,シマロネス,エルモシージョ,#7a4a2b,4-4-2,堅守速攻,29,60,70,15
MEX,MEX2,コレカミノス,コレカミノス,シウダー・ビクトリア,#f97316,4-4-2,堅守速攻,32,60,70,12
MEX,MEX2,ドラドス,ドラドス,クリアカン,#f5c400,4-2-3-1,バランス,25,60,60,30
MEX,MEX2,レオネス・ネグロス,レオネス,グアダラハラ,#111111,4-2-3-1,バランス,38,60,80,60
MEX,MEX2,ミネロス,ミネロス,サカテカス,#d71920,4-4-2,バランス,38,80,80,30
MEX,MEX2,タパティオ,タパティオ,グアダラハラ,#d71920,4-3-3,ハイプレス,28,10,10,10
MEX,MEX2,ベナドス,ベナドス,メリダ,#00843d,4-4-2,堅守速攻,34,60,70,30
USA,USA1,インテル・マイアミ,マイアミ,マイアミ,#f7b5cd,4-3-3,ポゼッション,78,160,100,239
USA,USA1,オースティンFC,オースティン,オースティン,#00b140,4-2-3-1,ポゼッション,74,140,80,198
USA,USA1,ロサンゼルスFC,LAFC,ロサンゼルス,#111111,4-3-3,ハイプレス,95,160,100,195
USA,USA1,LAギャラクシー,LAギャラクシー,ロサンゼルス,#0033a0,4-2-3-1,ポゼッション,85,180,120,193
USA,USA1,アトランタ・ユナイテッド,アトランタ,アトランタ,#a50034,4-3-3,ハイプレス,72,140,100,193
USA,USA1,ニューヨーク・シティFC,NYCFC,ニューヨーク,#69b3e7,4-3-3,ポゼッション,79,140,120,181
USA,USA1,シアトル・サウンダーズ,シアトル,シアトル,#00a651,4-2-3-1,ポゼッション,55,120,100,178
USA,USA1,シャーロットFC,シャーロット,シャーロット,#69b3e7,4-2-3-1,バランス,66,120,100,176
USA,USA1,ヒューストン・ダイナモ,ヒューストン,ヒューストン,#f97316,4-2-3-1,バランス,65,120,100,164
USA,USA1,FCダラス,ダラス,ダラス,#d71920,4-3-3,ポゼッション,79,160,120,145
USA,USA1,D.C.ユナイテッド,D.C.,ワシントンD.C.,#111111,4-2-3-1,バランス,54,120,120,156
USA,USA1,コロラド・ラピッズ,コロラド,デンバー,#7a003c,4-4-2,堅守速攻,68,160,80,141
USA,USA1,トロントFC,トロント,トロント,#d71920,4-2-3-1,バランス,82,140,120,194
USA,USA1,セントルイス・シティ,セントルイス,セントルイス,#d71920,4-4-2,ハイプレス,75,160,120,191
USA,USA1,CFモントリオール,モントリオール,モントリオール,#0057b8,4-4-2,堅守速攻,60,100,100,151
USA,USA2,ポートランド・ティンバーズ,ポートランド,ポートランド,#00843d,4-2-3-1,サイド攻撃,62,120,80,153
USA,USA2,シカゴ・ファイアー,シカゴ,シカゴ,#c8102e,4-4-2,バランス,50,120,100,191
USA,USA2,オーランド・シティ,オーランド,オーランド,#6f2c91,4-2-3-1,バランス,60,120,100,170
USA,USA2,ニューイングランド,ニューイングランド,フォックスボロ,#0d47a1,4-2-3-1,バランス,54,140,80,141
USA,USA2,フィラデルフィア・ユニオン,フィラデルフィア,フィラデルフィア,#0d47a1,4-4-2,ハイプレス,52,120,100,141
USA,USA2,FCシンシナティ,シンシナティ,シンシナティ,#f97316,4-3-3,ハイプレス,53,120,80,166
USA,USA2,ナッシュビルSC,ナッシュビル,ナッシュビル,#f5c400,4-2-3-1,バランス,52,100,80,166
USA,USA2,ニューヨーク・レッドブルズ,NYレッドブルズ,ハリソン,#d71920,4-2-3-1,ハイプレス,51,120,120,166
USA,USA2,バンクーバー・ホワイトキャップス,バンクーバー,バンクーバー,#0057b8,4-3-3,サイド攻撃,53,120,100,164
USA,USA2,スポルティングKC,スポルティングKC,カンザスシティ,#69b3e7,4-3-3,ポゼッション,57,140,120,158
USA,USA2,ミネソタ・ユナイテッド,ミネソタ,ミネアポリス,#6f2c91,4-4-2,堅守速攻,63,120,80,156
USA,USA2,レアル・ソルトレイク,ソルトレイク,ソルトレイクシティ,#b30838,4-4-2,バランス,56,160,120,145
USA,USA2,サンノゼ・アースクエイクス,サンノゼ,サンノゼ,#0057b8,4-4-2,堅守速攻,54,120,100,134
USA,USA2,コロンバス・クルー,コロンバス,コロンバス,#f5c400,4-2-3-1,ポゼッション,56,140,100,156
USA,USA2,サンディエゴFC,サンディエゴ,サンディエゴ,#1b3c8c,4-2-3-1,バランス,52,120,80,160
ARG,ARG1,アルヘンティノス・ジュニアーズ,アルヘンティノス,ブエノスアイレス,#d71920,4-3-3,ポゼッション,58,100,100,108
ARG,ARG1,アルセナル・デ・サランディ,アルセナル,サランディ,#8b0000,4-4-2,堅守速攻,51,80,80,44
ARG,ARG1,バンフィエルド,バンフィエルド,バンフィエルド,#00843d,4-4-2,堅守速攻,61,120,100,60
ARG,ARG1,ベルグラーノ,ベルグラーノ,コルドバ,#69b3e7,4-2-3-1,バランス,58,120,100,78
ARG,ARG1,ボカ・ジュニアーズ,ボカ,ブエノスアイレス,#0033a0,4-3-3,ポゼッション,84,160,120,134
ARG,ARG1,コロン,コロン,サンタフェ,#d71920,4-2-3-1,バランス,61,120,100,60
ARG,ARG1,デフェンサ・イ・フスティシア,デフェンサ,フロレンシオ・バレラ,#00843d,4-3-3,ハイプレス,72,160,100,78
ARG,ARG1,エストゥディアンテスLP,エストゥディアンテス,ラプラタ,#d71920,4-2-3-1,ポゼッション,71,160,100,90
ARG,ARG1,ヒムナシアLP,ヒムナシアLP,ラプラタ,#0033a0,4-4-2,バランス,60,100,100,60
ARG,ARG1,ウラカン,ウラカン,ブエノスアイレス,#ffffff,4-2-3-1,バランス,58,100,60,108
ARG,ARG1,インデペンディエンテ,インデペンディエンテ,アベジャネーダ,#d71920,4-2-3-1,ポゼッション,51,120,120,30
ARG,ARG1,インスティトゥート,インスティトゥート,コルドバ,#d71920,4-4-2,バランス,62,120,100,30
ARG,ARG1,ラヌース,ラヌース,ラヌース,#7a003c,4-3-3,ポゼッション,59,120,100,90
ARG,ARG1,ニューウェルズ,ニューウェルズ,ロサリオ,#d71920,4-2-3-1,バランス,66,120,100,60
ARG,ARG1,ラシン・クラブ,ラシン,アベジャネーダ,#69b3e7,4-3-3,ポゼッション,67,120,120,120
ARG,ARG1,リーベル・プレート,リーベル,ブエノスアイレス,#ffffff,4-3-3,ポゼッション,87,160,160,160
ARG,ARG1,ロサリオ・セントラル,ロサリオ・セントラル,ロサリオ,#0033a0,4-2-3-1,バランス,55,120,100,60
ARG,ARG1,サン・ロレンソ,サン・ロレンソ,ブエノスアイレス,#0033a0,4-2-3-1,バランス,68,120,120,60
ARG,ARG1,タジェレス,タジェレス,コルドバ,#0033a0,4-3-3,ハイプレス,63,140,120,108
ARG,ARG1,ティグレ,ティグレ,ビクトリア,#0033a0,4-4-2,バランス,49,80,60,60
ARG,ARG1,ベレス,ベレス,ブエノスアイレス,#ffffff,4-2-3-1,ポゼッション,74,160,160,100
ARG,ARG1,アルバラード,アルバラード,マル・デル・プラタ,#0033a0,4-4-2,堅守速攻,45,80,60,40
ARG,ARG1,デポルティーボ・モロン,モロン,モロン,#d71920,4-4-2,堅守速攻,60,80,60,47
ARG,ARG1,エストゥディアンテスRC,エストゥディアンテスRC,リオ・クアルト,#69b3e7,4-4-2,バランス,57,80,70,45
ARG,ARG1,フランドリア,フランドリア,ハウレギ,#f5c400,4-4-2,堅守速攻,48,60,70,30
ARG,ARG1,ヒムナシア・メンドーサ,ヒムナシアM,メンドーサ,#111111,4-4-2,バランス,50,80,60,16
ARG,ARG1,サン・マルティンSJ,サン・マルティンSJ,サンフアン,#00843d,4-4-2,バランス,43,80,70,35
ARG,ARG1,サン・マルティン・トゥクマン,サン・マルティンT,サン・ミゲル・デ・トゥクマン,#d71920,4-2-3-1,バランス,46,80,60,18
ARG,ARG2,アトレティコ・トゥクマン,アトレティコ・トゥクマン,サン・ミゲル・デ・トゥクマン,#69b3e7,4-2-3-1,バランス,42,100,60,60
ARG,ARG2,バラカス・セントラル,バラカス,ブエノスアイレス,#d71920,4-4-2,堅守速攻,35,60,70,28
ARG,ARG2,セントラル・コルドバSdE,セントラル・コルドバ,サンティアゴ・デル・エステロ,#111111,4-4-2,堅守速攻,37,60,70,30
ARG,ARG2,ゴドイ・クルス,ゴドイ・クルス,メンドーサ,#0033a0,4-2-3-1,バランス,48,100,100,30
ARG,ARG2,プラテンセ,プラテンセ,ビセンテ・ロペス,#6b3f1d,4-4-2,堅守速攻,32,60,60,26
ARG,ARG2,サルミエント・フニン,サルミエント,フニン,#00843d,4-4-2,堅守速攻,43,80,60,26
ARG,ARG2,ウニオンSF,ウニオン,サンタフェ,#d71920,4-4-2,バランス,45,100,80,27
ARG,ARG2,アグロペクアリオ,アグロペクアリオ,カルロス・カサレス,#00843d,4-4-2,堅守速攻,41,80,60,31
ARG,ARG2,オール・ボーイズ,オール・ボーイズ,ブエノスアイレス,#ffffff,4-4-2,堅守速攻,43,60,60,35
ARG,ARG2,アルマグロ,アルマグロ,ブエノスアイレス,#0033a0,4-4-2,バランス,34,60,20,20
ARG,ARG2,アルミランテ・ブラウン,アルミランテ,イスドロ・カサノバ,#111111,4-4-2,堅守速攻,38,60,70,18
ARG,ARG2,デフェンソーレス・デ・ベルグラーノ,デフェンソーレス,ブエノスアイレス,#d71920,4-4-2,堅守速攻,35,60,70,32
ARG,ARG2,デフェンソーレス・ウニドス,デフェンソーレスU,サラテ,#69b3e7,4-4-2,堅守速攻,40,70,20,34
ARG,ARG2,グエメスSdE,グエメス,サンティアゴ・デル・エステロ,#0033a0,4-4-2,堅守速攻,44,60,20,31
ARG,ARG2,ギジェルモ・ブラウンPM,ギジェルモ・ブラウン,プエルト・マドリン,#0033a0,4-4-2,堅守速攻,38,60,70,31
ARG,ARG2,ヌエバ・チカゴ,ヌエバ・チカゴ,ブエノスアイレス,#00843d,4-4-2,堅守速攻,41,60,60,12
ARG,ARG2,パトロナート,パトロナート,パラナ,#d71920,4-4-2,バランス,44,80,60,90
ARG,ARG2,サン・テルモ,サン・テルモ,ブエノスアイレス,#69b3e7,4-4-2,堅守速攻,38,70,70,43
ARG,ARG2,テンペルレイ,テンペルレイ,テンペルレイ,#69b3e7,4-4-2,バランス,36,80,60,18
BRA,BRA1,アトレチコ・パラナエンセ,パラナエンセ,クリチバ,#d71920,4-2-3-1,ハイプレス,86,140,100,130
BRA,BRA1,アトレチコ・ミネイロ,アトレチコMG,ベロオリゾンチ,#111111,4-2-3-1,バランス,85,160,120,138
BRA,BRA1,バイーア,バイーア,サルヴァドール,#005baa,4-3-3,ポゼッション,67,160,80,126
BRA,BRA1,コリンチャンス,コリンチャンス,サンパウロ,#111111,4-2-3-1,バランス,71,140,100,108
BRA,BRA1,コリチーバ,コリチーバ,クリチバ,#007a3d,4-4-2,堅守速攻,74,120,100,78
BRA,BRA1,クルゼイロ,クルゼイロ,ベロオリゾンチ,#0033a0,4-2-3-1,ポゼッション,74,160,80,78
BRA,BRA1,クイアバ,クイアバ,クイアバ,#f5c400,4-4-2,堅守速攻,65,120,100,90
BRA,BRA1,フラメンゴ,フラメンゴ,リオデジャネイロ,#c8102e,4-3-3,ポゼッション,79,140,120,138
BRA,BRA1,フルミネンセ,フルミネンセ,リオデジャネイロ,#00613c,4-2-3-1,ポゼッション,60,100,100,126
BRA,BRA1,グレミオ,グレミオ,ポルトアレグレ,#00a3e0,4-3-3,ポゼッション,77,160,120,130
BRA,BRA1,インテルナシオナル,インテルナシオナル,ポルトアレグレ,#c8102e,4-2-3-1,バランス,70,160,80,78
BRA,BRA1,パルメイラス,パルメイラス,サンパウロ,#006437,4-3-3,ポゼッション,80,140,120,126
BRA,BRA1,サントス,サントス,サントス,#ffffff,4-3-3,ポゼッション,72,160,100,90
BRA,BRA1,サンパウロ,サンパウロ,サンパウロ,#e30613,4-2-3-1,ポゼッション,71,160,100,100
BRA,BRA1,ヴァスコ・ダ・ガマ,ヴァスコ,リオデジャネイロ,#111111,4-2-3-1,バランス,59,100,100,78
BRA,BRA1,ABC,ABC,ナタール,#111111,4-4-2,堅守速攻,44,60,70,17
BRA,BRA1,アヴァイ,アヴァイ,フロリアノポリス,#0057b8,4-4-2,堅守速攻,51,80,60,37
BRA,BRA1,ロンドリーナ,ロンドリーナ,ロンドリーナ,#00a3e0,4-4-2,堅守速攻,58,100,80,28
BRA,BRA1,ポンチ・プレッタ,ポンチ・プレッタ,カンピーナス,#111111,4-4-2,堅守速攻,70,100,80,30
BRA,BRA1,トンベンセ,トンベンセ,トンボス,#d71920,4-4-2,堅守速攻,39,70,70,26
BRA,BRA2,アメリカ・ミネイロ,アメリカMG,ベロオリゾンチ,#00843d,4-2-3-1,バランス,53,100,100,100
BRA,BRA2,ボタフォゴ,ボタフォゴ,リオデジャネイロ,#111111,4-3-3,バランス,49,100,80,108
BRA,BRA2,フォルタレーザ,フォルタレーザ,フォルタレーザ,#0033a0,4-2-3-1,バランス,49,100,60,120
BRA,BRA2,ゴイアス,ゴイアス,ゴイアニア,#00843d,4-4-2,堅守速攻,50,100,60,78
BRA,BRA2,RBブラガンチーノ,RBブラガンチーノ,ブラガンサ・パウリスタ,#ffffff,4-2-3-1,ハイプレス,60,100,80,120
BRA,BRA2,アトレチコ・ゴイアニエンセ,アトレチコGO,ゴイアニア,#d71920,4-2-3-1,バランス,49,80,70,60
BRA,BRA2,ボタフォゴSP,ボタフォゴSP,リベイラン・プレト,#111111,4-2-3-1,バランス,39,60,70,16
BRA,BRA2,セアラー,セアラー,フォルタレーザ,#111111,4-2-3-1,バランス,43,80,80,30
BRA,BRA2,シャペコエンセ,シャペコエンセ,シャペコ,#00843d,4-4-2,堅守速攻,49,100,60,40
BRA,BRA2,CRB,CRB,マセイオ,#d71920,4-4-2,堅守速攻,37,60,60,30
BRA,BRA2,クリシウーマ,クリシウーマ,クリシウーマ,#f5c400,4-2-3-1,バランス,47,80,60,60
BRA,BRA2,グレミオ・ノヴォリゾンチーノ,ノヴォリゾンチーノ,ノヴォ・オリゾンチ,#f5c400,4-4-2,堅守速攻,41,70,60,30
BRA,BRA2,グアラニ,グアラニ,カンピーナス,#00843d,4-2-3-1,バランス,51,80,60,27
BRA,BRA2,イトゥアーノ,イトゥアーノ,イトゥ,#d71920,4-2-3-1,バランス,37,80,80,30
BRA,BRA2,ジュベントゥージ,ジュベントゥージ,カシアス・ド・スル,#00843d,4-4-2,堅守速攻,37,80,60,60
BRA,BRA2,ミラソウ,ミラソウ,ミラソウ,#f5c400,4-2-3-1,バランス,37,100,80,11
BRA,BRA2,サンパイオ・コヘイア,サンパイオ,サンルイス,#f5c400,4-4-2,堅守速攻,36,80,70,13
BRA,BRA2,スポルチ,スポルチ,レシフェ,#d71920,4-2-3-1,バランス,53,120,80,30
BRA,BRA2,ヴィラ・ノヴァGO,ヴィラ・ノヴァ,ゴイアニア,#d71920,4-4-2,堅守速攻,36,60,70,19
BRA,BRA2,ヴィトーリア,ヴィトーリア,サルヴァドール,#d71920,4-2-3-1,バランス,51,100,80,78
CHI,CHI1,コブレサル,コブレサル,エルサルバドル,#d71920,4-2-3-1,ポゼッション,36,60,60,60
CHI,CHI1,コロコロ,コロコロ,サンティアゴ,#d71920,4-4-2,堅守速攻,65,160,120,90
CHI,CHI1,コキンボ・ウニド,コキンボ,コキンボ,#d71920,3-5-2,ハイプレス,36,60,60,28
CHI,CHI1,クリコ・ウニド,クリコ,クリコ,#d71920,4-3-3,バランス,47,100,80,78
CHI,CHI1,デポルテス・コピアポ,コピアポ,コピアポ,#d71920,4-2-3-1,ポゼッション,35,40,20,17
CHI,CHI1,ウニオン・ラ・カレラ,ラ・カレラ,ラ・カレラ,#d71920,4-3-3,バランス,44,80,40,22
CHI,CHI1,マガジャネス,マガジャネス,サンティアゴ,#d71920,4-2-3-1,ポゼッション,41,80,60,30
CHI,CHI1,オイギンス,オイギンス,ランカグア,#d71920,3-5-2,ハイプレス,53,120,120,30
CHI,CHI1,パレスティーノ,パレスティーノ,サンティアゴ,#d71920,4-3-3,バランス,45,60,80,60
CHI,CHI1,ウニベルシダ・カトリカ,カトリカ,サンティアゴ,#d71920,4-4-2,堅守速攻,61,160,160,60
CHI,CHI1,ウニベルシダ・デ・チレ,Uチレ,サンティアゴ,#d71920,3-5-2,ハイプレス,54,160,120,60
CHI,CHI1,コブレロア,コブレロア,カラマ,#d71920,4-2-3-1,ポゼッション,39,60,60,23
CHI,CHI1,デポルテス・アントファガスタ,アントファガスタ,アントファガスタ,#d71920,4-4-2,堅守速攻,42,80,60,29
CHI,CHI1,サン・ルイス,サン・ルイス,キジョタ,#d71920,4-4-2,堅守速攻,39,80,60,16
CHI,CHI1,サンティアゴ・ワンダラーズ,ワンダラーズ,バルパライソ,#d71920,4-4-2,堅守速攻,49,100,100,21
CHI,CHI1,ウニベルシダ・デ・コンセプシオン,Uコンセプシオン,コンセプシオン,#d71920,3-5-2,ハイプレス,41,80,60,20
CHI,CHI2,アウダックス・イタリアーノ,アウダックス,ラ・フロリダ,#d71920,4-3-3,バランス,37,100,80,29
CHI,CHI2,エベルトン,エベルトン,ビニャ・デル・マール,#d71920,4-4-2,堅守速攻,39,100,80,17
CHI,CHI2,ワチパト,ワチパト,タルカワノ,#d71920,3-5-2,ハイプレス,43,100,100,25
CHI,CHI2,ニュブレンセ,ニュブレンセ,チジャン,#d71920,4-4-2,堅守速攻,32,60,40,78
CHI,CHI2,ウニオン・エスパニョーラ,Uエスパニョーラ,サンティアゴ,#d71920,4-2-3-1,ポゼッション,40,80,100,26
CHI,CHI2,バルネチェア,バルネチェア,サンティアゴ,#d71920,4-3-3,バランス,28,40,40,50
CHI,CHI2,デポルテス・イキケ,イキケ,イキケ,#d71920,3-5-2,ハイプレス,30,60,60,21
CHI,CHI2,デポルテス・レコレタ,レコレタ,サンティアゴ,#d71920,4-3-3,バランス,23,20,10,12
CHI,CHI2,デポルテス・テムコ,テムコ,テムコ,#d71920,4-2-3-1,ポゼッション,36,60,40,19
CHI,CHI2,ラ・セレナ,ラ・セレナ,ラ・セレナ,#d71920,4-4-2,堅守速攻,39,80,60,20
CHI,CHI2,プエルト・モント,プエルト・モント,プエルト・モント,#d71920,3-5-2,ハイプレス,24,40,20,14
CHI,CHI2,レンジャーズ・デ・タルカ,レンジャーズ,タルカ,#d71920,4-3-3,バランス,23,40,20,10
CHI,CHI2,ウニオン・サン・フェリペ,サン・フェリペ,サン・フェリペ,#d71920,4-2-3-1,ポゼッション,49,60,20,49
CHI,CHI2,デポルテス・サンタクルス,サンタクルス,サンタクルス,#d71920,3-5-2,ハイプレス,33,60,60,12
CHI,CHI2,サン・マルコス・デ・アリカ,SMアリカ,アリカ,#d71920,4-3-3,バランス,26,40,20,11
CHI,CHI2,サンティアゴ・モーニング,サンティアゴM,サンティアゴ,#d71920,4-2-3-1,ポゼッション,29,40,20,19
COL,COL1,アギラス・ドラダス,アギラス,リオネグロ,#f4c542,4-2-3-1,バランス,42,60,60,60
COL,COL1,アリアンサFC,アリアンサ,バジェドゥパル,#f4c542,4-4-2,堅守速攻,34,60,60,26
COL,COL1,アメリカ・デ・カリ,アメリカ・カリ,カリ,#d71920,4-3-3,ハイプレス,50,100,100,15
COL,COL1,アトレティコ・ブカラマンガ,ブカラマンガ,ブカラマンガ,#f4c542,4-2-3-1,堅守速攻,39,80,60,36
COL,COL1,アトレティコ・ウイラ,ウイラ,ネイバ,#f4c542,4-4-2,堅守速攻,36,60,60,10
COL,COL1,アトレティコ・ナシオナル,Aナシオナル,メデジン,#00843d,4-3-3,ポゼッション,60,160,120,60
COL,COL1,ボヤカ・チコ,ボヤカ・チコ,トゥンハ,#005baa,4-2-3-1,堅守速攻,32,60,60,27
COL,COL1,デポルテス・トリマ,トリマ,イバゲ,#7a003c,4-3-3,バランス,49,80,80,28
COL,COL1,デポルティーボ・カリ,Dカリ,カリ,#00843d,4-2-3-1,ポゼッション,47,100,100,22
COL,COL1,デポルティーボ・パスト,パスト,パスト,#d71920,4-4-2,堅守速攻,42,60,60,44
COL,COL1,デポルティーボ・ペレイラ,ペレイラ,ペレイラ,#d71920,4-3-3,ハイプレス,43,60,80,78
COL,COL1,エンビガド,エンビガド,エンビガド,#f58220,4-2-3-1,ポゼッション,53,100,120,60
COL,COL1,インデペンディエンテ・メデジン,メデジン,メデジン,#d71920,4-3-3,バランス,46,100,100,11
COL,COL1,インデペンディエンテ・サンタフェ,サンタフェ,ボゴタ,#d71920,4-2-3-1,堅守速攻,43,100,100,60
COL,COL1,ハグアレスFC,ハグアレス,モンテリア,#006064,4-4-2,堅守速攻,38,60,60,18
COL,COL1,ジュニオール,ジュニオール,バランキージャ,#d71920,4-3-3,ハイプレス,54,100,100,60
COL,COL1,ラ・エキダ,ラ・エキダ,ボゴタ,#00843d,4-2-3-1,バランス,32,80,80,12
COL,COL1,ミジョナリオス,ミジョナリオス,ボゴタ,#005baa,4-3-3,ポゼッション,52,100,80,108
COL,COL1,オンセ・カルダス,オンセ・カルダス,マニサレス,#ffffff,4-4-2,堅守速攻,41,80,80,23
COL,COL1,ウニオン・マグダレナ,Uマグダレナ,サンタ・マルタ,#005baa,4-2-3-1,堅守速攻,38,60,60,27
ECU,ECU1,アウカス,アウカス,キト,#f4c542,4-2-3-1,バランス,41,60,60,78
ECU,ECU1,バルセロナSC,バルセロナSC,グアヤキル,#f4c542,4-3-3,ハイプレス,51,100,100,90
ECU,ECU1,クンバヤFC,クンバヤ,キト,#d71920,4-4-2,堅守速攻,31,20,20,35
ECU,ECU1,デルフィン,デルフィン,マンタ,#005baa,4-2-3-1,堅守速攻,35,60,60,24
ECU,ECU1,デポルティーボ・クエンカ,Dクエンカ,クエンカ,#d71920,4-3-3,バランス,35,80,60,30
ECU,ECU1,エル・ナシオナル,エル・ナシオナル,キト,#d71920,4-4-2,ハイプレス,38,80,100,18
ECU,ECU1,エメレク,エメレク,グアヤキル,#005baa,4-3-3,ポゼッション,51,120,100,30
ECU,ECU1,インバブラ,インバブラ,イバラ,#d71920,4-2-3-1,堅守速攻,40,60,60,25
ECU,ECU1,インデペンディエンテ・デル・バジェ,インデペンディエンテDV,サンゴルキ,#111111,4-3-3,ハイプレス,57,120,140,90
ECU,ECU1,リベルタFCロハ,リベルタ・ロハ,ロハ,#f58220,4-4-2,堅守速攻,25,20,20,42
ECU,ECU1,リーガ・デ・キト,LDUキト,キト,#ffffff,4-2-3-1,バランス,55,100,120,60
ECU,ECU1,マカラー,マカラー,アンバト,#6bb6ff,4-3-3,バランス,40,100,60,28
ECU,ECU1,ムシュク・ルナ,ムシュク・ルナ,アンバト,#d71920,4-4-2,堅守速攻,33,60,10,20
ECU,ECU1,オレンセ,オレンセ,マチャラ,#00843d,4-2-3-1,バランス,42,80,100,13
ECU,ECU1,テクニコ・ウニベルシタリオ,テクニコU,アンバト,#d71920,4-4-2,堅守速攻,37,60,60,17
ECU,ECU1,ウニベルシダ・カトリカ・キト,Uカトリカ,キト,#6bb6ff,4-3-3,ポゼッション,29,60,80,60
PAR,PAR1,セロ・ポルテーニョ,セロ・ポルテーニョ,アスンシオン,#005baa,4-3-3,ハイプレス,54,120,120,90
PAR,PAR1,ヘネラル・カバジェロ,ヘネラル・カバジェロ,フアン・レオン・マジョルキン,#d71920,4-4-2,堅守速攻,37,60,60,30
PAR,PAR1,グアイレーニャ,グアイレーニャ,ビジャリカ,#005baa,4-2-3-1,バランス,42,80,80,38
PAR,PAR1,グアラニー,グアラニー,アスンシオン,#f4c542,4-3-3,ポゼッション,48,100,120,90
PAR,PAR1,リベルタ,リベルタ,アスンシオン,#111111,4-2-3-1,バランス,74,160,160,130
PAR,PAR1,ナシオナル・アスンシオン,ナシオナル,アスンシオン,#d71920,4-4-2,堅守速攻,50,120,120,60
PAR,PAR1,オリンピア,オリンピア,アスンシオン,#ffffff,4-3-3,ポゼッション,62,120,120,134
PAR,PAR1,レシステンシア,レシステンシア,アスンシオン,#006064,4-2-3-1,堅守速攻,35,60,60,16
PAR,PAR1,スポルティボ・アメリアーノ,アメリアーノ,アスンシオン,#003b79,4-4-2,バランス,38,60,60,30
PAR,PAR1,スポルティボ・ルケーニョ,ルケーニョ,ルケ,#f4c542,4-3-3,ハイプレス,40,80,80,78
PAR,PAR1,スポルティボ・トリニデンセ,トリニデンセ,アスンシオン,#005baa,4-2-3-1,堅守速攻,36,80,60,21
PAR,PAR1,タクアリー,タクアリー,アスンシオン,#111111,4-4-2,堅守速攻,36,60,60,28
PER,PER1,ADT,ADT,タルマ,#005baa,4-4-2,堅守速攻,30,20,10,20
PER,PER1,アリアンサ・リマ,アリアンサ,リマ,#005baa,4-2-3-1,ポゼッション,54,100,100,115
PER,PER1,アリアンサ・アトレティコ,アリアンサAtl,スジャナ,#f4c542,4-4-2,堅守速攻,22,20,20,28
PER,PER1,アトレティコ・グラウ,Aグラウ,ピウラ,#ffffff,4-3-3,バランス,33,60,60,25
PER,PER1,ビナシオナル,ビナシオナル,フリアカ,#005baa,4-2-3-1,堅守速攻,36,10,10,78
PER,PER1,カントラオ,カントラオ,カヤオ,#d71920,4-4-2,堅守速攻,31,60,80,21
PER,PER1,セサル・バジェホ,セサル・バジェホ,トルヒーリョ,#f58220,4-3-3,バランス,42,100,100,78
PER,PER1,シエンシアーノ,シエンシアーノ,クスコ,#d71920,4-2-3-1,堅守速攻,39,60,20,60
PER,PER1,クスコFC,クスコFC,クスコ,#f4c542,4-3-3,ハイプレス,47,120,80,60
PER,PER1,ガルシラソ,ガルシラソ,クスコ,#006064,4-4-2,堅守速攻,36,60,20,20
PER,PER1,カルロス・マンヌッチ,マンヌッチ,トルヒーリョ,#003b79,4-2-3-1,バランス,39,80,60,30
PER,PER1,メルガル,メルガル,アレキパ,#d71920,4-3-3,ハイプレス,45,60,80,108
PER,PER1,デポルティーボ・ムニシパル,ムニシパル,リマ,#ffffff,4-4-2,堅守速攻,38,80,60,30
PER,PER1,スポルト・ボーイズ,スポルト・ボーイズ,カヤオ,#ff69b4,4-2-3-1,バランス,39,60,60,30
PER,PER1,スポルト・ワンカヨ,ワンカヨ,ワンカヨ,#d71920,4-4-2,堅守速攻,31,60,20,60
PER,PER1,スポルティング・クリスタル,クリスタル,リマ,#6bb6ff,4-3-3,ポゼッション,54,120,100,100
PER,PER1,ウニオン・コメルシオ,Uコメルシオ,ヌエバ・カハマルカ,#00843d,4-2-3-1,堅守速攻,30,10,20,30
PER,PER1,ウニベルシタリオ,ウニベルシタリオ,リマ,#f4e7c2,4-3-3,ハイプレス,55,120,100,100
PER,PER1,UTC,UTC,カハマルカ,#f4c542,4-4-2,堅守速攻,30,60,60,30
URU,URU1,セロ,セロ,モンテビデオ,#1565c0,4-2-3-1,ポゼッション,38,40,60,14
URU,URU1,ダヌービオ,ダヌービオ,モンテビデオ,#1565c0,3-5-2,ハイプレス,46,60,120,30
URU,URU1,デフェンソール・スポルティング,デフェンソール,モンテビデオ,#1565c0,4-3-3,バランス,38,60,160,30
URU,URU1,フェニックス,フェニックス,モンテビデオ,#1565c0,4-4-2,堅守速攻,41,80,80,47
URU,URU1,リベルプールFC,リベルプール,モンテビデオ,#1565c0,4-3-3,バランス,39,40,120,78
URU,URU1,モンテビデオ・シティ・トルケ,M.C.トルケ,モンテビデオ,#1565c0,4-2-3-1,ポゼッション,46,120,80,30
URU,URU1,ナシオナル,ナシオナル,モンテビデオ,#1565c0,4-4-2,堅守速攻,42,80,120,78
URU,URU1,ペニャロール,ペニャロール,モンテビデオ,#1565c0,3-5-2,ハイプレス,40,80,120,24
URU,URU1,ラシン・モンテビデオ,ラシンCM,モンテビデオ,#1565c0,4-2-3-1,ポゼッション,33,20,80,19
URU,URU1,リーベル・プレート,リーベル,モンテビデオ,#1565c0,4-4-2,堅守速攻,30,60,80,25
URU,URU1,モンテビデオ・ワンダラーズ,ワンダラーズ,モンテビデオ,#1565c0,3-5-2,ハイプレス,43,60,100,16
URU,URU1,アルビオン,アルビオン,モンテビデオ,#1565c0,4-3-3,バランス,24,20,20,12
URU,URU1,アテナス・デ・サンカルロス,アテナス,サンカルロス,#1565c0,4-2-3-1,ポゼッション,22,40,60,21
URU,URU1,セリート,セリート,モンテビデオ,#1565c0,3-5-2,ハイプレス,30,10,10,44
URU,URU1,フベントゥ・ラス・ピエドラス,フベントゥ,ラス・ピエドラス,#1565c0,4-3-3,バランス,38,40,60,46
URU,URU1,ランプラ・ジュニオルス,ランプラ,モンテビデオ,#1565c0,4-2-3-1,ポゼッション,30,40,40,45
URU,URU2,ボストン・リーベル,ボストン・リーベル,モンテビデオ,#1565c0,4-3-3,バランス,27,20,40,23
URU,URU2,セロ・ラルゴ,セロ・ラルゴ,メロ,#1565c0,4-4-2,堅守速攻,19,20,10,12
URU,URU2,デポルティーボ・マルドナド,マルドナド,マルドナド,#1565c0,4-2-3-1,ポゼッション,23,20,40,31
URU,URU2,ラ・ルス,ラ・ルス,モンテビデオ,#1565c0,3-5-2,ハイプレス,27,10,10,15
URU,URU2,プラサ・コロニア,プラサ・コロニア,コロニア,#1565c0,4-3-3,バランス,31,20,60,16
URU,URU2,ベジャ・ビスタ,ベジャ・ビスタ,モンテビデオ,#1565c0,4-4-2,堅守速攻,29,40,60,46
URU,URU2,ミラマール・ミシオネス,ミラマール,モンテビデオ,#1565c0,4-2-3-1,ポゼッション,24,20,60,49
URU,URU2,オリエンタル・デ・ラ・パス,オリエンタル,ラ・パス,#1565c0,4-4-2,堅守速攻,23,10,10,47
URU,URU2,ポテンシア,ポテンシア,モンテビデオ,#1565c0,3-5-2,ハイプレス,23,10,10,44
URU,URU2,プログレソ,プログレソ,モンテビデオ,#1565c0,4-3-3,バランス,22,10,20,49
URU,URU2,レンティスタス,レンティスタス,モンテビデオ,#1565c0,4-4-2,堅守速攻,28,20,40,48
URU,URU2,スド・アメリカ,スド・アメリカ,モンテビデオ,#1565c0,3-5-2,ハイプレス,21,20,40,11
URU,URU2,タクアレンボー,タクアレンボー,タクアレンボー,#1565c0,4-3-3,バランス,24,10,40,45
URU,URU2,ウルグアイ・モンテビデオ,ウルグアイM,モンテビデオ,#1565c0,4-2-3-1,ポゼッション,19,10,10,46
IDN,IDN1,ボルネオFCサマリンダ,ボルネオFC,サマリンダ,#f58220,4-3-3,ハイプレス,42,100,60,78
IDN,IDN1,ペルシブ・バンドン,ペルシブ,バンドン,#005baa,4-2-3-1,ポゼッション,36,100,60,72
IDN,IDN1,マドゥラ・ユナイテッド,マドゥラU,パメカサン,#d71920,4-4-2,堅守速攻,31,80,60,48
IDN,IDN1,バリ・ユナイテッド,バリU,ギャニャール,#d71920,4-3-3,バランス,33,100,80,66
IDN,IDN1,PSISスマラン,PSIS,スマラン,#005baa,4-2-3-1,堅守速攻,31,60,60,58
IDN,IDN1,デワ・ユナイテッド,デワU,タンゲラン,#f4c542,4-4-2,バランス,29,60,60,33
IDN,IDN1,ペルシス・ソロ,ペルシス,スラカルタ,#d71920,4-3-3,ハイプレス,28,60,60,27
IDN,IDN1,ペルシジャ・ジャカルタ,ペルシジャ,ジャカルタ,#d71920,4-2-3-1,ポゼッション,33,60,60,90
IDN,IDN1,PSMマカッサル,PSM,マカッサル,#d71920,4-4-2,堅守速攻,31,60,40,22
IDN,IDN1,ペルシク・ケディリ,ペルシク,ケディリ,#7a003c,4-3-3,バランス,24,40,20,20
IDN,IDN1,RANSヌサンタラ,RANS,ジャカルタ,#f4c542,4-2-3-1,バランス,27,40,40,31
IDN,IDN1,PSSスレマン,PSS,スレマン,#00843d,4-4-2,堅守速攻,27,60,60,24
IDN,IDN1,ペルセバヤ・スラバヤ,ペルセバヤ,スラバヤ,#00843d,4-3-3,ハイプレス,37,100,80,18
IDN,IDN1,バリト・プテラ,バリト,バンジャルマシン,#f4c542,4-2-3-1,堅守速攻,28,60,40,28
IDN,IDN1,ペルシタ・タンゲラン,ペルシタ,タンゲラン,#7a003c,4-4-2,バランス,30,60,60,13
IDN,IDN1,ペルシカボ1973,ペルシカボ,ボゴール,#00843d,4-3-3,堅守速攻,29,60,60,41
IDN,IDN1,アレマFC,アレマ,マラン,#005baa,4-2-3-1,ハイプレス,27,60,40,25
IDN,IDN1,バヤンカラFC,バヤンカラ,ブカシ,#f58220,4-4-2,堅守速攻,27,60,40,36
MAS,MSL,ジョホール・ダルル・タクジム,JDT,ジョホールバル,#1d4ed8,4-3-3,ポゼッション,41,120,60,100
MAS,MSL,ケダ・ダルル・アマン,ケダ,アロースター,#16a34a,4-3-3,バランス,26,60,40,30
MAS,MSL,クランタン・ユナイテッド,クランタンU,コタバル,#dc2626,4-4-2,堅守速攻,28,40,20,21
MAS,MSL,ヌグリ・スンビラン,ヌグリ,スレンバン,#dc2626,4-2-3-1,バランス,33,60,40,14
MAS,MSL,ペナンFC,ペナン,ジョージタウン,#0ea5e9,4-3-3,バランス,31,80,20,40
MAS,MSL,ペラFC,ペラ,イポー,#facc15,4-2-3-1,サイド攻撃,26,60,40,19
MAS,MSL,サバFC,サバ,コタキナバル,#dc2626,4-4-2,サイド攻撃,24,60,40,30
MAS,MSL,セランゴールFC,セランゴール,シャーアラム,#dc2626,4-2-3-1,ハイプレス,30,80,40,60
MAS,MSL,スリ・パハン,スリ・パハン,クアンタン,#facc15,4-4-2,堅守速攻,20,60,40,24
MAS,MSL,トレンガヌFC,トレンガヌ,クアラトレンガヌ,#111827,4-2-3-1,堅守速攻,22,60,40,30
MAS,MSL,ATM FA,ATM,クアラルンプール,#16a34a,4-4-2,堅守速攻,20,40,20,26
MAS,MSL,ハリニFC,ハリニ,クアラルンプール,#0ea5e9,4-2-3-1,バランス,21,40,20,60
MAS,MSL,マレーシア・ユナイテッド,マレーシアU,クアラルンプール,#2563eb,4-3-3,バランス,22,20,20,17
MAS,MSL,マラッカ・ユナイテッド,マラッカU,マラッカ,#16a34a,4-2-3-1,バランス,31,60,20,34
MAS,A1,クランタンFC,クランタン,コタバル,#dc2626,4-3-3,サイド攻撃,21,40,20,28
MAS,A1,クアラルンプール・シティ,KLシティ,クアラルンプール,#dc2626,4-2-3-1,ポゼッション,18,40,20,23
MAS,A1,クチン・シティ,クチン,クチン,#dc2626,4-3-3,サイド攻撃,19,40,20,20
MAS,A1,PDRM FC,PDRM,クアラルンプール,#111827,4-4-2,堅守速攻,18,40,20,26
MAS,A1,ブキット・タンブン,ブキットT,ペナン,#16a34a,4-2-3-1,バランス,16,20,20,11
MAS,A1,イミグレセンFC,イミグレセン,プトラジャヤ,#64748b,4-3-3,ポゼッション,15,20,20,36
MAS,A1,KLローヴァーズ,KLローヴァーズ,クアラルンプール,#dc2626,4-2-3-1,バランス,19,20,20,54
MAS,A1,マンジュン・シティ,マンジュン,マンジュン,#0ea5e9,4-3-3,サイド攻撃,21,20,20,39
MAS,A1,ナガUKS,ナガUKS,クアラルンプール,#7c3aed,4-4-2,堅守速攻,16,20,20,22
MAS,A1,プルリス・ユナイテッド,プルリス,カンガー,#facc15,4-4-2,堅守速攻,19,40,20,40
MAS,A1,PIB FC,PIB,クアラルンプール,#ef4444,4-4-2,堅守速攻,19,20,20,23
MAS,A1,SAINS FC,SAINS,クアラルンプール,#0ea5e9,4-2-3-1,バランス,19,20,20,23
MAS,A1,サラワク・ユナイテッド,サラワクU,クチン,#dc2626,4-3-3,サイド攻撃,20,40,20,34
THA,TL1,バンコク・ユナイテッド,バンコクU,バンコク,#dc2626,4-3-3,ポゼッション,46,120,120,100
THA,TL1,BGパトゥム・ユナイテッド,BGパトゥム,パトゥムターニー,#2563eb,4-2-3-1,バランス,40,120,140,100
THA,TL1,ブリーラム・ユナイテッド,ブリーラム,ブリーラム,#1d4ed8,4-2-3-1,ハイプレス,42,120,140,90
THA,TL1,チェンライ・ユナイテッド,チェンライ,チェンライ,#f59e0b,3-4-2-1,堅守速攻,42,120,120,60
THA,TL1,ムアントン・ユナイテッド,ムアントン,ノンタブリー,#dc2626,4-2-3-1,バランス,49,120,120,78
THA,TL1,ポリス・テロFC,ポリスT,バンコク,#b91c1c,4-2-3-1,バランス,49,120,80,60
THA,TL1,ポートFC,ポート,バンコク,#f97316,4-4-2,堅守速攻,43,120,120,90
THA,TL1,プラチュワップFC,プラチュワップ,プラチュワップ,#fb923c,4-4-2,堅守速攻,32,100,80,30
THA,TL1,ラーチャブリーFC,ラーチャブリー,ラーチャブリー,#f97316,4-3-3,サイド攻撃,47,120,100,60
THA,TL1,トラートFC,トラート,トラート,#dc2626,4-2-3-1,バランス,28,100,60,38
THA,TL1,ウタイターニーFC,ウタイターニー,ウタイターニー,#f59e0b,4-2-3-1,サイド攻撃,31,60,40,60
THA,TL1,チャイナート・ホーンビル,チャイナート,チャイナート,#ec4899,4-4-2,サイド攻撃,31,80,80,51
THA,TL1,ナコーンラーチャシーマー,ナコーンR,ナコーンラーチャシーマー,#f97316,4-2-3-1,堅守速攻,38,100,80,82
THA,TL1,ノンブア・ピッチャヤ,ノンブア,ノンブアランプー,#ec4899,4-3-3,バランス,43,100,80,112
THA,TL1,サムットプラーカーン・シティ,サムットP,サムットプラーカーン,#0ea5e9,4-2-3-1,バランス,40,100,120,112
THA,TL1,スパンブリーFC,スパンブリー,スパンブリー,#fbbf24,4-4-2,堅守速攻,33,100,80,64
THA,TL2,チョンブリーFC,チョンブリー,チョンブリー,#2563eb,4-3-3,サイド攻撃,36,100,100,60
THA,TL2,コンケン・ユナイテッド,コンケン,コンケン,#ef4444,4-2-3-1,バランス,31,80,60,34
THA,TL2,ランプーン・ウォリアーズ,ランプーン,ランプーン,#2563eb,4-4-2,バランス,29,80,20,20
THA,TL2,ナコーンパトム・ユナイテッド,ナコーンパトム,ナコーンパトム,#f97316,4-4-2,堅守速攻,22,40,40,53
THA,TL2,スコータイFC,スコータイ,スコータイ,#ef4444,4-2-3-1,バランス,27,100,80,37
THA,TL2,アユタヤ・ユナイテッド,アユタヤ,アユタヤ,#dc2626,4-2-3-1,バランス,24,20,20,38
THA,TL2,チャンタブリーFC,チャンタブリー,チャンタブリー,#f97316,4-4-2,バランス,20,20,20,44
THA,TL2,チェンマイFC,チェンマイ,チェンマイ,#7c3aed,4-2-3-1,バランス,32,100,60,61
THA,TL2,チェンマイ・ユナイテッド,チェンマイU,チェンマイ,#7c3aed,4-2-3-1,バランス,23,20,20,68
THA,TL2,カスタムズ・ユナイテッド,カスタムズ,バンコク,#0ea5e9,4-4-2,堅守速攻,22,20,20,47
THA,TL2,カンチャナブリーFC,カンチャナブリー,カンチャナブリー,#f97316,4-4-2,堅守速攻,17,20,20,45
THA,TL2,カセサートFC,カセサート,バンコク,#16a34a,4-4-2,バランス,24,20,40,32
THA,TL2,クラビーFC,クラビー,クラビー,#111827,4-4-2,堅守速攻,21,40,20,38
THA,TL2,ランパーンFC,ランパーン,ランパーン,#047857,4-2-3-1,堅守速攻,19,20,20,47
THA,TL2,ナコーンシー・ユナイテッド,ナコーンシー,ナコーンシータンマラート,#16a34a,4-2-3-1,堅守速攻,19,20,20,28
THA,TL2,パタヤ・ユナイテッド,パタヤ,パタヤ,#3b82f6,4-3-3,サイド攻撃,18,20,20,40
THA,TL2,プレー・ユナイテッド,プレー,プレー,#dc2626,4-3-3,ハイプレス,24,40,20,32
THA,TL2,ラヨーンFC,ラヨーン,ラヨーン,#0f766e,4-4-2,バランス,25,40,20,65
VIE,V1,ビンディン,ビンディン,クイニョン,#dc2626,4-2-3-1,バランス,22,40,40,5
VIE,V1,ビンズオン,ビンズオン,ビンズオン,#2563eb,4-4-2,バランス,26,60,40,30
VIE,V1,コンアン・ハノイ,コンアン,ハノイ,#dc2626,4-2-3-1,ハイプレス,29,60,60,22
VIE,V1,ホアンアイン・ザライ,ザライ,プレイク,#16a34a,4-3-3,ポゼッション,27,60,80,19
VIE,V1,ハノイFC,ハノイ,ハノイ,#7c3aed,4-3-3,ポゼッション,21,60,60,15
VIE,V1,ホーチミン・シティ,ホーチミン,ホーチミン,#dc2626,4-2-3-1,バランス,24,60,40,17
VIE,V1,ホンリン・ハティン,ハティン,ハティン,#f97316,4-4-2,堅守速攻,21,40,40,5
VIE,V1,カインホア,カインホア,ニャチャン,#0ea5e9,4-2-3-1,バランス,24,40,40,12
VIE,V1,クアンナム,クアンナム,クアンナム,#facc15,4-4-2,堅守速攻,20,40,20,25
VIE,V1,ベトテル,ベトテル,ハノイ,#dc2626,4-4-2,堅守速攻,24,60,60,20
VIE,V1,ダナン,ダナン,ダナン,#f97316,4-2-3-1,バランス,27,60,60,72
VIE,V1,ロンアンFC,ロンアン,ロンアン,#dc2626,4-2-3-1,バランス,20,40,20,64
VIE,V1,フート,フート,ヴィエットチー,#7c3aed,4-4-2,堅守速攻,18,20,20,39
VIE,V1,PVFコンアンニャンダン,PVF-CAND,フンイエン,#0ea5e9,4-3-3,ハイプレス,30,80,60,36
VIE,V2,ハイフォン,ハイフォン,ハイフォン,#dc2626,4-3-3,サイド攻撃,19,40,20,7
VIE,V2,ナムディン,ナムディン,ナムディン,#facc15,4-2-3-1,バランス,19,20,40,14
VIE,V2,ソンラム・ゲアン,SLNA,ヴィン,#facc15,4-3-3,ハイプレス,18,20,60,6
VIE,V2,タインホア,タインホア,タインホア,#f97316,4-2-3-1,堅守速攻,18,40,40,14
VIE,V2,バリア・ブンタウ,バリアVT,ブンタウ,#dc2626,4-2-3-1,バランス,18,20,20,23
VIE,V2,ビンフオック,ビンフオック,ビンフオック,#2563eb,4-2-3-1,バランス,16,20,20,24
VIE,V2,ビントゥアン,ビントゥアン,ファンティエット,#f97316,4-4-2,堅守速攻,12,20,20,18
VIE,V2,ドンナイ,ドンナイ,ビエンホア,#0ea5e9,4-3-3,バランス,15,20,20,36
VIE,V2,ドンタップ,ドンタップ,カオライン,#facc15,4-4-2,堅守速攻,19,20,40,18
VIE,V2,ホアビン,ホアビン,ホアビン,#16a34a,4-2-3-1,バランス,14,20,20,22
VIE,V2,フエ,フエ,フエ,#ec4899,4-3-3,ポゼッション,16,20,20,6
VIE,V2,フードン,フードン,ハノイ,#16a34a,4-3-3,サイド攻撃,15,20,20,17
BHR,BPL,アル・アハリ・マナーマ,アハリ,マナーマ,#f97316,4-2-3-1,バランス,37,80,60,60
BHR,BPL,アル・ハリディヤ,ハリディヤ,ハリディヤ,#dc2626,4-3-3,ハイプレス,29,60,40,60
BHR,BPL,アル・ナジュマ,ナジュマ,マナーマ,#dc2626,4-4-2,堅守速攻,29,60,60,16
BHR,BPL,ブサイティーン,ブサイティーン,ブサイティーン,#0ea5e9,4-2-3-1,バランス,25,60,60,25
BHR,BPL,イースト・リファー,イースト,リファー,#16a34a,4-2-3-1,堅守速攻,29,60,60,30
BHR,BPL,アル・ハラ,ハラ,ムハッラク,#facc15,4-4-2,バランス,28,40,40,40
BHR,BPL,マナーマ,マナーマ,マナーマ,#111827,4-4-2,堅守速攻,29,60,40,11
BHR,BPL,ムハッラク,ムハッラク,ムハッラク,#dc2626,4-3-3,ハイプレス,34,100,60,60
BHR,BPL,アル・リファー,リファー,リファー,#2563eb,4-2-3-1,ポゼッション,29,80,40,60
BHR,BPL,シャバブ・クラブ,シャバブ,マナーマ,#16a34a,4-3-3,バランス,30,80,40,17
BHR,BPL,アル・イティファク,イティファク,マナーマ,#111827,4-4-2,堅守速攻,21,20,40,29
BHR,BPL,イッテハード,イッテハード,マナーマ,#2563eb,4-2-3-1,バランス,21,20,40,19
BHR,BSD,アル・ヒッド,ヒッド,ヒッド,#0ea5e9,4-3-3,サイド攻撃,19,40,40,25
BHR,BSD,シトラ,シトラ,シトラ,#7c3aed,4-3-3,ポゼッション,26,40,40,30
BHR,BSD,アーリ,アーリ,アーリ,#dc2626,4-2-3-1,バランス,19,20,20,25
BHR,BSD,バーレーンSC,バーレーン,ムハッラク,#0ea5e9,4-4-2,堅守速攻,22,20,20,26
BHR,BSD,ブダイヤ,ブダイヤ,ブダイヤ,#16a34a,4-2-3-1,バランス,20,20,20,28
BHR,BSD,ブリ,ブリ,ブリ,#f97316,4-4-2,堅守速攻,18,20,20,6
BHR,BSD,イーサ・タウン,イーサ,イーサ・タウン,#facc15,4-3-3,バランス,21,40,20,23
BHR,BSD,イティハド・アル・リーフ,イティハドR,リーフ,#16a34a,4-2-3-1,バランス,16,20,20,24
BHR,BSD,マルキヤ,マルキヤ,マルキヤ,#facc15,4-3-3,サイド攻撃,22,40,40,12
BHR,BSD,カラリ,カラリ,カラリ,#7c3aed,4-2-3-1,バランス,18,20,40,17
BHR,BSD,タダムン・ブリ,タダムン,ブリ,#f97316,4-3-3,ハイプレス,17,20,20,32
BHR,BSD,ウム・アル・ハッサム,ウム・ハッサム,マナーマ,#dc2626,4-4-2,堅守速攻,22,20,20,29
IRN,PGPL,エステグラル,エステグラル,テヘラン,#2563eb,4-3-3,ポゼッション,49,100,120,60
IRN,PGPL,エステグラル・フーゼスターン,エステグラルKh,アフヴァーズ,#2563eb,4-4-2,堅守速攻,42,60,60,60
IRN,PGPL,フーラード,フーラード,アフヴァーズ,#dc2626,4-2-3-1,バランス,61,140,140,60
IRN,PGPL,ゴル・ゴハル,ゴル・ゴハル,シールジャーン,#f97316,4-4-2,堅守速攻,53,140,80,60
IRN,PGPL,マラヴァーン,マラヴァーン,バンダレ・アンザリー,#111827,4-4-2,堅守速攻,37,80,100,52
IRN,PGPL,メス・ラフサンジャン,メスR,ラフサンジャン,#f97316,4-3-3,サイド攻撃,59,120,80,30
IRN,PGPL,ペイカン,ペイカン,テヘラン,#0ea5e9,4-4-2,堅守速攻,43,100,120,60
IRN,PGPL,ペルセポリス,ペルセポリス,テヘラン,#dc2626,4-2-3-1,ハイプレス,61,140,100,78
IRN,PGPL,サナト・ナフト,サナト・ナフト,アーバーダーン,#facc15,4-2-3-1,バランス,45,80,100,30
IRN,PGPL,セパハン,セパハン,イスファハン,#facc15,4-2-3-1,バランス,55,140,120,78
IRN,PGPL,トラークトゥール,トラークトゥール,タブリーズ,#dc2626,4-3-3,サイド攻撃,55,120,100,60
IRN,PGPL,ゾブ・アハン,ゾブ・アハン,イスファハン,#16a34a,4-3-3,ポゼッション,45,120,120,60
IRN,PGPL,ファジュル・セパシ,ファジュル,シーラーズ,#facc15,4-3-3,サイド攻撃,46,100,100,45
IRN,PGPL,メス・ケルマン,メスK,ケルマン,#f97316,4-2-3-1,バランス,49,100,80,82
IRN,PGPL,ナフト・マスジェデ・ソレイマン,ナフトMS,マスジェデ・ソレイマン,#facc15,4-2-3-1,バランス,45,80,100,82
IRN,PGPL,サイパ,サイパ,テヘラン,#f97316,4-2-3-1,バランス,42,100,120,43
IRN,AZA,アルミニウム・アラーク,アルミニウム,アラーク,#facc15,4-2-3-1,バランス,51,120,100,30
IRN,AZA,ハヴァダル,ハヴァダル,テヘラン,#7c3aed,4-2-3-1,バランス,39,80,60,30
IRN,AZA,ナッサジ・マザンダラン,ナッサジ,ガーエムシャフル,#dc2626,4-4-2,堅守速攻,40,100,80,30
IRN,AZA,シャムス・アザール,シャムスA,ガズヴィーン,#f97316,4-3-3,ハイプレス,31,40,20,33
IRN,AZA,アリオ・エスラムシャフル,アリオ,エスラムシャフル,#dc2626,4-3-3,ハイプレス,28,20,20,37
IRN,AZA,チャドルマルー,チャドルマルー,ヤズド,#0ea5e9,4-4-2,堅守速攻,29,40,40,19
IRN,AZA,ダーマーシュ・ギーラーン,ダーマーシュ,ラシュト,#0f766e,4-4-2,堅守速攻,29,60,60,13
IRN,AZA,ダリヤ・カスピアン,ダリヤ,バーボル,#2563eb,4-2-3-1,バランス,28,20,20,22
IRN,AZA,エステグラル・モラサニ,エステグラルM,モラサニ,#2563eb,4-3-3,バランス,28,20,20,6
IRN,AZA,ハリジ・ファールス,ハリジF,マーフシャフル,#0ea5e9,4-4-2,堅守速攻,25,40,20,31
IRN,AZA,ヘイバル・ホッラマーバード,ヘイバル,ホッラマーバード,#16a34a,4-2-3-1,バランス,29,40,20,24
IRN,AZA,フーシェ・タラーイー,フーシェ,サーヴェ,#facc15,4-4-2,堅守速攻,26,20,40,23
IRN,AZA,メス・シャフレ・バーバク,メスSB,シャフレ・バーバク,#f97316,4-3-3,バランス,25,20,40,25
IRN,AZA,メス・スングン,メスS,スングン,#f97316,4-3-3,サイド攻撃,24,20,20,23
IRN,AZA,ナフト・ガチサラン,ナフトG,ガチサラン,#111827,4-4-2,堅守速攻,27,40,40,20
IRN,AZA,パールス・ジョヌービ・ジャム,パールス,ジャム,#16a34a,4-4-2,堅守速攻,34,60,40,59
IRN,AZA,シャフレ・ラズ,シャフレ・ラズ,シーラーズ,#7c3aed,4-3-3,サイド攻撃,31,20,20,18
IRN,AZA,シャフルダリ・アスタラ,アスタラ,アスタラ,#2563eb,4-2-3-1,バランス,21,20,20,32
IRQ,IST,アル・フドゥード,フドゥード,バグダッド,#7c3aed,4-3-3,ハイプレス,35,40,60,34
IRQ,IST,アル・カラバー,カラバー,バグダッド,#f97316,4-2-3-1,バランス,30,60,80,9
IRQ,IST,アル・カルフ,カルフ,バグダッド,#dc2626,4-2-3-1,バランス,34,80,80,25
IRQ,IST,アル・ミナ,ミナ,バスラ,#facc15,4-4-2,堅守速攻,44,140,120,36
IRQ,IST,アル・ナフト,ナフト,バグダッド,#111827,4-2-3-1,バランス,28,60,60,20
IRQ,IST,アル・ナジャフ,ナジャフ,ナジャフ,#0ea5e9,4-3-3,サイド攻撃,33,60,60,9
IRQ,IST,アル・カシム,カシム,バビル,#f97316,4-3-3,ハイプレス,29,40,40,33
IRQ,IST,アル・クウワ・アル・ジャウィーヤ,ジャウィーヤ,バグダッド,#2563eb,4-3-3,ポゼッション,41,100,100,30
IRQ,IST,アル・ショルタ,ショルタ,バグダッド,#16a34a,4-2-3-1,ハイプレス,46,100,80,78
IRQ,IST,アル・タラバ,タラバ,バグダッド,#dc2626,4-2-3-1,堅守速攻,35,100,80,30
IRQ,IST,アル・ザウラー,ザウラー,バグダッド,#111827,4-4-2,バランス,39,100,80,30
IRQ,IST,アマナト・バグダッド,アマナト,バグダッド,#facc15,4-2-3-1,バランス,38,80,60,16
IRQ,IST,ドゥホーク,ドゥホーク,ドゥホーク,#2563eb,4-4-2,堅守速攻,39,60,60,38
IRQ,IST,アルビール,アルビール,アルビール,#f97316,4-3-3,バランス,35,80,60,30
IRQ,IST,ナフト・アル・バスラ,ナフトバスラ,バスラ,#dc2626,4-2-3-1,サイド攻撃,36,80,40,8
IRQ,IST,ナフト・アルワサト,ナフトワサト,ナジャフ,#16a34a,4-2-3-1,バランス,34,80,60,25
IRQ,IST,ニューロズ,ニューロズ,スレイマニヤ,#7c3aed,4-3-3,ハイプレス,33,40,20,60
IRQ,IST,ザホ,ザホ,ザホ,#16a34a,4-4-2,バランス,32,60,40,11
IRQ,IST,アル・シナアト・アル・カフラバイヤ,シナアトK,バグダッド,#facc15,4-2-3-1,バランス,32,60,40,12
IRQ,IST,ガズ・アル・シャマル,ガズ・シャマル,キルクーク,#16a34a,4-4-2,堅守速攻,22,20,40,17
IRQ,IFD,カルバラー,カルバラー,カルバラー,#0ea5e9,4-4-2,堅守速攻,26,40,40,30
IRQ,IFD,ナフト・ミサン,ナフトミサン,ミサン,#facc15,4-3-3,サイド攻撃,24,60,40,19
IRQ,IFD,アル・バハリ,バハリ,バスラ,#0ea5e9,4-4-2,堅守速攻,25,40,40,14
IRQ,IFD,アル・ディワニヤ,ディワニヤ,ディワニヤ,#7c3aed,4-2-3-1,バランス,33,40,40,17
IRQ,IFD,アル・ジョラン,ジョラン,ジョラン,#dc2626,4-3-3,バランス,20,20,20,19
IRQ,IFD,アル・クーファ,クーファ,クーファ,#16a34a,4-4-2,堅守速攻,22,20,20,27
IRQ,IFD,アル・マサフィ,マサフィ,バグダッド,#111827,4-2-3-1,バランス,21,20,40,26
IRQ,IFD,アル・ラマディ,ラマディ,ラマディ,#f97316,4-4-2,堅守速攻,26,20,20,8
IRQ,IFD,アル・シナーア,シナーア,バグダッド,#2563eb,4-3-3,ポゼッション,28,40,60,29
IRQ,IFD,ディヤラ,ディヤラ,ディヤラ,#0ea5e9,4-3-3,ハイプレス,20,20,20,24
JOR,JPL,アル・アハリ・アンマン,アハリ,アンマン,#111827,4-4-2,堅守速攻,31,40,40,15
JOR,JPL,アル・ファイサリ,ファイサリ,アンマン,#2563eb,4-2-3-1,ポゼッション,32,100,60,60
JOR,JPL,アル・ワフダート,ワフダート,アンマン,#16a34a,4-3-3,ハイプレス,37,80,80,90
JOR,JPL,マアン,マアン,マアン,#f97316,4-2-3-1,バランス,28,40,40,32
JOR,JPL,サハブ,サハブ,アンマン,#facc15,4-2-3-1,堅守速攻,28,40,20,42
JOR,JPL,シャバーブ・アカバ,アカバ,アカバ,#0ea5e9,4-4-2,堅守速攻,24,40,40,20
JOR,JPL,シャバーブ・アル・オルドン,シャバーブ,アンマン,#facc15,4-2-3-1,堅守速攻,39,100,100,11
JOR,JPL,アル・アラビ・ヨルダン,アル・アラビ,イルビド,#ef4444,4-4-2,堅守速攻,31,60,40,31
JOR,JPL,アンマンFC,アンマンFC,アンマン,#0ea5e9,4-2-3-1,バランス,29,40,100,24
JOR,JPL,バカア,バカア,バカア,#f97316,4-3-3,ハイプレス,30,40,60,32
JOR,JPL,アル・ジャジーラ,ジャジーラ,アンマン,#dc2626,4-3-3,ポゼッション,36,60,60,8
JOR,JPL,クフルスーム,クフルスーム,イルビド,#111827,4-4-2,堅守速攻,31,40,60,31
JOR,JFD,アル・フセイン,フセイン,イルビド,#0ea5e9,4-3-3,サイド攻撃,25,40,40,60
JOR,JFD,アル・ジャリル,ジャリル,イルビド,#dc2626,4-2-3-1,バランス,20,20,40,11
JOR,JFD,ムガイル・アル・サルハン,ムガイル,サルハン,#7c3aed,4-4-2,堅守速攻,22,20,20,31
JOR,JFD,アル・ラムサ,ラムサ,ラムサ,#dc2626,4-4-2,バランス,23,60,60,11
JOR,JFD,サルト,サルト,サルト,#7c3aed,4-3-3,ポゼッション,26,20,40,14
JOR,JFD,アル・ハシュミヤ,ハシュミヤ,ハシュミヤ,#16a34a,4-2-3-1,バランス,30,20,20,9
JOR,JFD,アル・サルハン,サルハン,マフラク,#dc2626,4-3-3,バランス,27,20,20,19
JOR,JFD,ヤルムーク,ヤルムーク,アンマン,#2563eb,4-4-2,堅守速攻,19,20,40,12
JOR,JFD,バラマ,バラマ,バラマ,#f97316,4-4-2,堅守速攻,21,20,20,31
JOR,JFD,イッティハード・ラムサ,イッティハード,ラムサ,#7c3aed,4-2-3-1,バランス,18,20,40,17
JOR,JFD,カルメル,カルメル,イルビド,#16a34a,4-4-2,堅守速攻,22,20,20,31
JOR,JFD,サリーフ,サリーフ,イルビド,#facc15,4-2-3-1,バランス,18,20,40,31
JOR,JFD,トゥラ,トゥラ,トゥラ,#0ea5e9,4-3-3,サイド攻撃,24,20,20,14
KUW,KPL,アル・シャバブ・クウェート,シャバブKUW,アル・アハマディ,#dc2626,4-4-2,堅守速攻,30,60,40,30
KUW,KPL,ファハヒール,ファハヒール,ファハヒール,#f97316,4-2-3-1,バランス,34,80,60,84
KUW,KPL,アル・ジャフラ,ジャフラ,ジャフラ,#0ea5e9,4-4-2,堅守速攻,26,60,60,78
KUW,KPL,カズマ,カズマ,クウェートシティ,#f97316,4-3-3,サイド攻撃,37,60,60,120
KUW,KPL,クウェートSC,クウェートSC,クウェートシティ,#facc15,4-2-3-1,ポゼッション,41,100,100,138
KUW,KPL,アル・ナセル,ナセル,クウェートシティ,#2563eb,4-4-2,堅守速攻,34,80,60,78
KUW,KPL,アル・カーディシーヤ,カーディシーヤ,クウェートシティ,#facc15,4-3-3,ハイプレス,38,80,80,130
KUW,KPL,アル・サーヘル,サーヘル,アブハリファ,#16a34a,4-4-2,堅守速攻,26,60,40,112
KUW,KPL,スライビハート,スライビハート,スライビハート,#2563eb,4-3-3,バランス,30,80,60,82
KUW,KPL,アル・タダモン・クウェート,タダモンKUW,ファルワニヤ,#dc2626,4-2-3-1,堅守速攻,23,40,40,82
KUW,KFD,アル・アラビ・クウェート,アル・アラビ,クウェートシティ,#16a34a,4-3-3,ポゼッション,30,60,60,126
KUW,KFD,ハイタン,ハイタン,ハイタン,#111827,4-2-3-1,バランス,22,40,40,30
KUW,KFD,アル・サルミヤ,サルミヤ,サルミヤ,#0ea5e9,4-2-3-1,バランス,28,60,60,78
KUW,KFD,ブルガン,ブルガン,クウェートシティ,#7c3aed,4-2-3-1,バランス,18,20,20,63
KUW,KFD,アル・ヤルムーク・クウェート,ヤルムークKUW,ミシュレフ,#f97316,4-4-2,バランス,33,60,40,82
QAT,QSL,アル・アラビ,アル・アラビ,ドーハ,#ef4444,4-2-3-1,ポゼッション,58,100,80,183
QAT,QSL,アル・ドゥハイル,アル・ドゥハイル,ドーハ,#dc2626,4-2-3-1,ハイプレス,59,100,60,189
QAT,QSL,アル・ガラファ,アル・ガラファ,ドーハ,#f59e0b,4-3-3,バランス,55,100,80,172
QAT,QSL,アル・マルヒヤ,アル・マルヒヤ,ドーハ,#dc2626,4-2-3-1,バランス,39,80,20,60
QAT,QSL,アル・ラーヤン,アル・ラーヤン,アル・ラーヤン,#dc2626,4-2-3-1,サイド攻撃,43,100,80,120
QAT,QSL,アル・サッド,アル・サッド,ドーハ,#111827,4-3-3,ポゼッション,64,100,100,193
QAT,QSL,アル・ワクラ,アル・ワクラ,アル・ワクラ,#2563eb,4-2-3-1,バランス,44,100,60,60
QAT,QSL,カタールSC,カタールSC,ドーハ,#facc15,4-4-2,堅守速攻,37,100,80,60
QAT,QSL,ウム・サラル,ウム・サラル,ウム・サラル,#f97316,4-4-2,堅守速攻,40,80,60,60
QAT,QSL,アル・ホール,アル・ホール,アル・ホール,#0ea5e9,4-2-3-1,バランス,38,80,60,72
QAT,QSL,アル・サイリヤ,アル・サイリヤ,ドーハ,#7c3aed,4-4-2,堅守速攻,34,60,40,82
QAT,QSL,アル・ワーブ,アル・ワーブ,ドーハ,#16a34a,4-4-2,堅守速攻,31,20,20,19
QAT,QSD,アル・アハリ,アル・アハリ,ドーハ,#16a34a,4-3-3,サイド攻撃,37,80,40,100
QAT,QSD,アル・シャマル,アル・シャマル,アル・シャマル,#1d4ed8,4-2-3-1,バランス,31,60,40,60
QAT,QSD,ムアイザル,ムアイザル,ドーハ,#f97316,4-4-2,堅守速攻,27,40,20,30
QAT,QSD,アル・ビッダ,アル・ビッダ,ドーハ,#2563eb,4-2-3-1,バランス,26,40,20,58
QAT,QSD,アル・ハライティヤット,ハライティヤット,ドーハ,#dc2626,4-2-3-1,バランス,31,60,40,28
QAT,QSD,アル・メサイミール,メサイミール,ドーハ,#facc15,4-3-3,サイド攻撃,29,40,20,25
QAT,QSD,アル・シャハニヤ,シャハニヤ,アル・シャハニヤ,#f59e0b,4-4-2,サイド攻撃,25,40,20,36
QAT,QSD,ルサイルSC,ルサイル,ルサイル,#0ea5e9,4-3-3,ポゼッション,21,20,20,28
SAU,SPL,アブハー,アブハー,アブハー,#1565c0,4-2-3-1,バランス,39,60,60,126
SAU,SPL,アル・アハリ,アハリ,ジッダ,#007a3d,4-3-3,バランス,79,120,120,295
SAU,SPL,アル・イテファク,イテファク,ダンマーム,#c62828,4-2-3-1,バランス,73,140,100,193
SAU,SPL,アル・ファテフ,ファテフ,アル・アハサー,#1b5e20,4-3-3,ポゼッション,75,140,100,164
SAU,SPL,アル・ヒラル,ヒラル,リヤド,#0057b8,4-3-3,ポゼッション,64,120,140,296
SAU,SPL,アル・イテハド,イテハド,ジッダ,#f4c300,4-2-3-1,バランス,86,140,100,296
SAU,SPL,アル・ナスル,ナスル,リヤド,#f3c600,4-2-3-1,ハイプレス,69,120,120,296
SAU,SPL,アル・オクドゥード,オクドゥード,ナジュラーン,#006064,4-4-2,堅守速攻,40,80,60,108
SAU,SPL,アル・リヤド,リヤド,リヤド,#c62828,4-4-2,堅守速攻,53,100,80,90
SAU,SPL,アル・シャバブ,シャバブ,リヤド,#263238,4-2-3-1,バランス,73,140,120,193
SAU,SPL,アル・タアーウン,タアーウン,ブライダ,#f4c300,4-4-2,堅守速攻,58,120,80,164
SAU,SPL,アル・ワフダ,ワフダ,メッカ,#d32f2f,4-2-3-1,バランス,48,80,80,141
SAU,SPL,ダマク,ダマク,ハミース・ムシャイト,#d32f2f,4-3-3,バランス,47,120,60,141
SAU,SPL,アル・アイン,アイン,アル・バーハ,#1565c0,4-4-2,バランス,54,40,40,194
SAU,SPL,アル・バーティン,バーティン,ハファル・アル・バーティン,#006064,4-4-2,堅守速攻,70,80,60,187
SAU,SPL,アル・ファイサリー,ファイサリー,ハルマ,#7b1f1f,4-2-3-1,バランス,59,80,100,182
SAU,SPL,アル・オロバ,オロバ,サカーカ,#f57c00,4-2-3-1,バランス,57,60,60,173
SAU,SPL,アル・カーディシーヤ,カーディシーヤ,アル・ホバル,#c62828,4-3-3,ポゼッション,61,120,80,270
SAU,SFD,アル・ファイハ,ファイハ,アル・マジマア,#f57c00,4-4-2,堅守速攻,44,80,80,153
SAU,SFD,アル・ハズム,ハズム,ラス,#f57c00,4-2-3-1,バランス,34,80,60,126
SAU,SFD,アル・ハリージュ,ハリージュ,サイハート,#f4c300,4-3-3,バランス,39,80,80,126
SAU,SFD,アル・ラーイド,ラーイド,ブライダ,#b71c1c,4-2-3-1,バランス,42,80,60,141
SAU,SFD,アル・ターイ,ターイ,ハーイル,#b71c1c,4-4-2,堅守速攻,39,60,60,141
SAU,SFD,アル・アダラー,アダラー,アル・アハサー,#43a047,4-4-2,堅守速攻,35,60,60,112
SAU,SFD,アル・アラビ,アラビ,ウナイザ,#c62828,4-3-3,ポゼッション,26,40,20,22
SAU,SFD,アル・ブカイリヤ,ブカイリヤ,ブカイリヤ,#8bc34a,4-2-3-1,バランス,30,20,40,11
SAU,SFD,アル・ジャバライン,ジャバライン,ハーイル,#263238,3-4-2-1,堅守速攻,28,60,60,12
SAU,SFD,アル・ジャンダル,ジャンダル,ドゥーマト・アル・ジャンダル,#1565c0,4-4-2,堅守速攻,23,20,20,13
SAU,SFD,アル・フルード,フルード,ラス,#b71c1c,3-4-2-1,堅守速攻,26,40,20,14
SAU,SFD,アル・ナジュマ,ナジュマ,ウナイザ,#880e4f,4-2-3-1,バランス,25,80,60,14
SAU,SFD,アル・カイスマ,カイスマ,カイスマ,#f57c00,4-4-2,堅守速攻,33,40,40,59
SAU,SFD,アル・サファ,サファ,サフワー,#43a047,4-4-2,バランス,32,40,20,16
SAU,SFD,アル・タラジ,タラジ,カティーフ,#f57c00,4-4-2,堅守速攻,25,40,20,17
SAU,SFD,ハジェル,ハジェル,アル・アハサー,#7b1fa2,4-4-2,バランス,34,60,60,112
SAU,SFD,ジェッダ,ジェッダ,ジッダ,#0d47a1,4-3-3,バランス,27,40,40,18
SAU,SFD,ウフド,ウフド,メディナ,#111827,4-4-2,堅守速攻,32,60,40,82
UAE,UAEPL,アジュマーン,アジュマーン,アジュマーン,#f97316,4-4-2,堅守速攻,39,100,80,90
UAE,UAEPL,アル・アイン,アル・アイン,アル・アイン,#7c3aed,4-3-3,ポゼッション,72,160,120,178
UAE,UAEPL,アル・バタエフ,アル・バタエフ,バタエフ,#dc2626,4-4-2,堅守速攻,43,100,80,78
UAE,UAEPL,アル・ナスル,アル・ナスル,ドバイ,#2563eb,4-2-3-1,ポゼッション,40,140,80,60
UAE,UAEPL,アル・ワフダ,アル・ワフダ,アブダビ,#dc2626,4-2-3-1,バランス,54,140,120,141
UAE,UAEPL,アル・ワスル,アル・ワスル,ドバイ,#facc15,4-3-3,ポゼッション,44,140,120,90
UAE,UAEPL,バニヤス,バニヤス,アブダビ,#0ea5e9,4-2-3-1,バランス,44,100,80,78
UAE,UAEPL,ハッタ,ハッタ,ハッタ,#0ea5e9,4-2-3-1,バランス,38,80,60,30
UAE,UAEPL,カルバ,カルバ,カルバ,#f59e0b,4-3-3,バランス,46,100,100,108
UAE,UAEPL,シャバブ・アル・アハリ,シャバブA,ドバイ,#dc2626,4-2-3-1,ハイプレス,68,140,100,179
UAE,UAEPL,シャールジャ,シャールジャ,シャールジャ,#f97316,4-4-2,堅守速攻,48,120,120,115
UAE,UAEPL,アル・ダフラ,アル・ダフラ,マディナ・ザーイド,#facc15,4-2-3-1,バランス,42,80,40,152
UAE,UAEPL,ディッバ・アル・フジャイラ,ディッバF,ディッバ,#0f766e,4-4-2,堅守速攻,54,140,40,112
UAE,UAEPL,マサフィ,マサフィ,マサフィ,#16a34a,4-4-2,堅守速攻,31,60,20,14
UAE,UFD,アル・ジャジーラ,アル・ジャジーラ,アブダビ,#dc2626,4-2-3-1,サイド攻撃,43,140,140,151
UAE,UFD,エミレーツ・クラブ,エミレーツ,ラスアルハイマ,#dc2626,4-3-3,サイド攻撃,34,100,80,78
UAE,UFD,ホール・ファカン,ホール・ファカン,ホール・ファカン,#16a34a,4-2-3-1,サイド攻撃,31,100,60,60
UAE,UFD,アル・アラビUAE,アル・アラビUAE,ウンム・アル・カイワイン,#ef4444,4-4-2,堅守速攻,20,40,20,74
UAE,UFD,アル・ダイド,アル・ダイド,アル・ダイド,#f97316,4-4-2,堅守速攻,24,60,20,26
UAE,UFD,アル・ハムリヤ,ハムリヤ,ハムリヤ,#2563eb,4-2-3-1,バランス,23,60,20,20
UAE,UFD,アル・ジャジーラ・アル・ハムラ,ジャジーラH,ラスアルハイマ,#dc2626,4-4-2,堅守速攻,23,40,20,26
UAE,UFD,アル・ウルーバ,アル・ウルーバ,フジャイラ,#16a34a,4-2-3-1,バランス,29,60,20,10
UAE,UFD,アル・ラムス,アル・ラムス,ラスアルハイマ,#0ea5e9,4-4-2,堅守速攻,19,40,20,10
UAE,UFD,アル・タアーウン,アル・タアーウン,シャールジャ,#16a34a,4-2-3-1,バランス,23,40,20,19
UAE,UFD,ディッバ・アル・ヒスン,ディッバH,ディッバ・アル・ヒスン,#0f766e,4-3-3,サイド攻撃,26,40,20,51
UAE,UFD,シティFC,シティFC,ドバイ,#64748b,4-2-3-1,バランス,20,20,20,28
UAE,UFD,フジャイラ,フジャイラ,フジャイラ,#dc2626,4-3-3,バランス,28,60,20,57
UAE,UFD,ガルフFC,ガルフFC,ドバイ,#2563eb,4-4-2,堅守速攻,27,40,40,69
UAE,UFD,ガルフ・ユナイテッド,ガルフU,ドバイ,#0ea5e9,4-2-3-1,ポゼッション,19,20,20,10
UAE,UFD,マスフート,マスフート,マスフート,#f97316,4-2-3-1,サイド攻撃,21,40,20,10
UAE,UFD,ユナイテッドFC,ユナイテッド,ドバイ,#111827,4-3-3,ハイプレス,18,20,20,10
